[{"model": "sessions.session", "pk": "3zt7fsa5bvk27ux7f6ri7xyohj3211kh", "fields": {"session_data": "NTc4NDM0NGYwYWI4ZGFhNmFjMDY2ZjY0NTEyYzIwZTE3MzRkYWQ2Yzp7Il9hdXRoX3VzZXJfaWQiOiIxIiwiX2F1dGhfdXNlcl9iYWNrZW5kIjoiZGphbmdvLmNvbnRyaWIuYXV0aC5iYWNrZW5kcy5Nb2RlbEJhY2tlbmQiLCJfYXV0aF91c2VyX2hhc2giOiJmN2JhYzU0MGYxZTlhMTY1NTM2NTIxNjJhYzYzNjRmY2Q3NWY0ODBlIn0=", "expire_date": "2022-05-31T11:39:15.374Z"}}, {"model": "sessions.session", "pk": "chnv6yfhea6j4fsm59z988mmron8kv1r", "fields": {"session_data": "OTAzZjhjYTU4Njc4MGE2ZmRmYTQwOThiNjRkMzc3NWU4OTBhYjM3ZTp7Il9hdXRoX3VzZXJfaWQiOiIxIiwiX2F1dGhfdXNlcl9iYWNrZW5kIjoiZGphbmdvLmNvbnRyaWIuYXV0aC5iYWNrZW5kcy5Nb2RlbEJhY2tlbmQiLCJfYXV0aF91c2VyX2hhc2giOiJmNzdlMDk1MzJjN2QzMDY4Yjg5Yjg2NjdmNWQ5NDQxYWUxMzFmMWVkIn0=", "expire_date": "2022-05-13T10:39:30.221Z"}}, {"model": "reviews.user", "fields": {"password": "pbkdf2_sha256$150000$eXIdGn3B0i9Y$H3u28HWubNAQ0/3vDlwv6M4CHp0ZDBcCDM7s8dXKM7E=", "last_login": "2022-05-17T11:39:15.369Z", "is_superuser": true, "is_staff": true, "is_active": true, "date_joined": "2022-04-29T10:39:02.739Z", "username": "admin", "email": "admin@test.ru", "confirmation_code": "", "first_name": "", "last_name": "", "bio": "", "role": "user", "groups": [], "user_permissions": []}}, {"model": "reviews.user", "fields": {"password": "", "last_login": null, "is_superuser": false, "is_staff": false, "is_active": true, "date_joined": "2022-04-29T10:38:19.114Z", "username": "bingobongo", "email": "bingobongo@yamdb.fake", "confirmation_code": "", "first_name": "", "last_name": "", "bio": "", "role": "user", "groups": [], "user_permissions": []}}, {"model": "reviews.user", "fields": {"password": "", "last_login": null, "is_superuser": false, "is_staff": false, "is_active": true, "date_joined": "2022-04-29T10:38:19.115Z", "username": "capt_obvious", "email": "capt_obvious@yamdb.fake", "confirmation_code": "", "first_name": "", "last_name": "", "bio": "", "role": "admin", "groups": [], "user_permissions": []}}, {"model": "reviews.user", "fields": {"password": "", "last_login": null, "is_superuser": false, "is_staff": false, "is_active": true, "date_joined": "2022-04-29T10:38:19.116Z", "username": "faust", "email": "faust@yamdb.fake", "confirmation_code": "", "first_name": "", "last_name": "", "bio": "", "role": "user", "groups": [], "user_permissions": []}}, {"model": "reviews.user", "fields": {"password": "", "last_login": null, "is_superuser": false, "is_staff": false, "is_active": true, "date_joined": "2022-04-29T10:38:19.117Z", "username": "reviewer", "email": "reviewer@yamdb.fake", "confirmation_code": "", "first_name": "", "last_name": "", "bio": "", "role": "user", "groups": [], "user_permissions": []}}, {"model": "reviews.user", "fields": {"password": "", "last_login": null, "is_superuser": false, "is_staff": false, "is_active": true, "date_joined": "2022-04-29T10:38:19.117Z", "username": "angry", "email": "angry@yamdb.fake", "confirmation_code": "", "first_name": "", "last_name": "", "bio": "", "role": "moderator", "groups": [], "user_permissions": []}}, {"model": "reviews.review", "pk": 1, "fields": {"author": ["bingobongo"], "text": "\u0421\u0442\u0430\u0432\u043b\u044e \u0434\u0435\u0441\u044f\u0442\u044c \u0437\u0432\u0451\u0437\u0434!\n...\u042d\u0442\u0438 \u0433\u043e\u043b\u043e\u0441\u0430 \u0431\u044b\u043b\u0438 \u0447\u0438\u0449\u0435 \u0438 \u0441\u0432\u0435\u0442\u043b\u0435\u0435 \u0442\u0435\u0445, \u043e \u043a\u043e\u0442\u043e\u0440\u044b\u0445 \u043c\u0435\u0447\u0442\u0430\u043b\u0438 \u0432 \u044d\u0442\u043e\u043c \u0441\u0435\u0440\u043e\u043c, \u0443\u0431\u043e\u0433\u043e\u043c \u043c\u0435\u0441\u0442\u0435. \u041a\u0430\u043a \u0431\u0443\u0434\u0442\u043e \u0434\u0432\u0435 \u043f\u0442\u0438\u0447\u043a\u0438 \u0432\u043b\u0435\u0442\u0435\u043b\u0438 \u0438 \u0441\u0432\u043e\u0438\u043c\u0438 \u0433\u043e\u043b\u043e\u0441\u0430\u043c\u0438 \u0440\u0430\u0437\u0432\u0435\u044f\u043b\u0438 \u0441\u0442\u0435\u043d\u044b \u043d\u0430\u0448\u0438\u0445 \u043a\u043b\u0435\u0442\u043e\u043a, \u0438 \u043d\u0430 \u043a\u043e\u0440\u043e\u0442\u043a\u0438\u0439 \u043c\u0438\u0433 \u043a\u0430\u0436\u0434\u044b\u0439 \u0447\u0435\u043b\u043e\u0432\u0435\u043a \u0432 \u0428\u043e\u0443\u0448\u0435\u043d\u043a\u0435 \u043f\u043e\u0447\u0443\u0432\u0441\u0442\u0432\u043e\u0432\u0430\u043b \u0441\u0435\u0431\u044f \u0441\u0432\u043e\u0431\u043e\u0434\u043d\u044b\u043c.", "pub_date": "2022-04-29T10:38:19.285Z", "title": 1, "score": 10}}, {"model": "reviews.review", "pk": 2, "fields": {"author": ["capt_obvious"], "text": "\u041d\u0435 \u043f\u0440\u0438\u0432\u044b\u043a\u0430\u0439\n\u00ab\u042d\u0442\u0438 \u0441\u0442\u0435\u043d\u044b \u0438\u043c\u0435\u044e\u0442 \u043e\u0434\u043d\u043e \u0441\u0432\u043e\u0439\u0441\u0442\u0432\u043e: \u0441\u043d\u0430\u0447\u0430\u043b\u0430 \u0442\u044b \u0438\u0445 \u043d\u0435\u043d\u0430\u0432\u0438\u0434\u0438\u0448\u044c, \u043f\u043e\u0442\u043e\u043c \u043f\u0440\u0438\u0432\u044b\u043a\u0430\u0435\u0448\u044c, \u0430 \u043f\u043e\u0442\u043e\u043c \u043d\u0435 \u043c\u043e\u0436\u0435\u0448\u044c \u0431\u0435\u0437 \u043d\u0438\u0445 \u0436\u0438\u0442\u044c\u00bb", "pub_date": "2022-04-29T10:38:19.287Z", "title": 1, "score": 10}}, {"model": "reviews.review", "pk": 3, "fields": {"author": ["faust"], "text": "\u0424\u0438\u043b\u044c\u043c, \u0440\u0430\u0437\u043e\u0431\u0440\u0430\u043d\u043d\u044b\u0439 \u043d\u0430 \u0446\u0438\u0442\u0430\u0442\u044b, \u0434\u043e\u0441\u0442\u043e\u0438\u043d \u0432\u044b\u0441\u0448\u0435\u0439 \u043e\u0446\u0435\u043d\u043a\u0438. \u0414\u0435\u0441\u044f\u0442\u044c \u0441 \u043f\u043b\u044e\u0441\u043e\u043c (\u0436\u0430\u043b\u044c, \u0442\u0443\u0442 \u043f\u043b\u044e\u0441\u0430 \u043d\u0435\u0442)\n\"\u0422\u044b \u043f\u0440\u0438\u0448\u0435\u043b \u0438 \u0433\u043e\u0432\u043e\u0440\u0438\u0448\u044c: \"\u0414\u043e\u043d \u041a\u043e\u0440\u043b\u0435\u043e\u043d\u0435, \u043c\u043d\u0435 \u043d\u0443\u0436\u043d\u0430 \u0441\u043f\u0440\u0430\u0432\u0435\u0434\u043b\u0438\u0432\u043e\u0441\u0442\u044c\". \u041d\u043e \u0442\u044b \u043f\u0440\u043e\u0441\u0438\u0448\u044c \u0431\u0435\u0437 \u0443\u0432\u0430\u0436\u0435\u043d\u0438\u044f, \u0442\u044b \u043d\u0435 \u043f\u0440\u0435\u0434\u043b\u0430\u0433\u0430\u0435\u0448\u044c \u0434\u0440\u0443\u0436\u0431\u0443, \u0442\u044b \u0434\u0430\u0436\u0435 \u043d\u0435 \u043d\u0430\u0437\u0432\u0430\u043b \u043c\u0435\u043d\u044f \u041a\u0440\u0435\u0441\u0442\u043d\u044b\u043c \u041e\u0442\u0446\u043e\u043c.\"", "pub_date": "2022-04-29T10:38:19.289Z", "title": 2, "score": 10}}, {"model": "reviews.review", "pk": 4, "fields": {"author": ["reviewer"], "text": "\u0416\u0435\u0441\u0442\u043e\u043a\u0438\u0439, \u0436\u0435\u0441\u0442\u043e\u043a\u0438\u0439, \u0436\u0435\u0441\u0442\u043e\u043a\u0438\u0439 \u043c\u0438\u0440, \u043d\u0435 \u043e \u0442\u0430\u043a\u043e\u043c \u043c\u0435\u0447\u0442\u0430\u043b\u0438 \u043c\u044b \u0432 \u0434\u0435\u0442\u0441\u0442\u0432\u0435!!111\n***\u041e\u0442\u0435\u0446 \u0441\u0434\u0435\u043b\u0430\u043b \u0435\u043c\u0443 \u043f\u0440\u0435\u0434\u043b\u043e\u0436\u0435\u043d\u0438\u0435, \u043e\u0442 \u043a\u043e\u0442\u043e\u0440\u043e\u0433\u043e \u043e\u043d \u043d\u0435 \u0441\u043c\u043e\u0433 \u043e\u0442\u043a\u0430\u0437\u0430\u0442\u044c\u0441\u044f. \u041b\u0443\u043a\u0430 \u0411\u0440\u0430\u0437\u0438 \u0434\u0435\u0440\u0436\u0430\u043b \u043f\u0438\u0441\u0442\u043e\u043b\u0435\u0442 \u0443 \u0435\u0433\u043e \u0432\u0438\u0441\u043a\u0430, \u0438 \u043e\u0442\u0435\u0446 \u043f\u0440\u0435\u0434\u043b\u043e\u0436\u0438\u043b \u0432\u044b\u0431\u043e\u0440: \u043b\u0438\u0431\u043e \u043d\u0430 \u043a\u043e\u043d\u0442\u0440\u0430\u043a\u0442\u0435 \u043c\u043e\u0437\u0433\u0438, \u043b\u0438\u0431\u043e \u043f\u043e\u0434\u043f\u0438\u0441\u044c.***", "pub_date": "2022-04-29T10:38:19.291Z", "title": 2, "score": 1}}, {"model": "reviews.review", "pk": 5, "fields": {"author": ["angry"], "text": "\u042d\u0442\u043e \u043c\u043e\u0438 \u0441\u043e\u0441\u0435\u0434\u0438! \u0421\u0442\u0430\u0432\u043b\u044e \u0442\u0440\u0438 \u0437\u0432\u0435\u0437\u0434\u044b \u0437\u0430 \u0442\u043e, \u0447\u0442\u043e \u043e\u043d\u0438 \u0434\u0432\u0430\u0436\u0434\u044b \u043e\u0442\u0434\u0430\u0432\u0438\u043b\u0438 \u043c\u043d\u0435 \u043e\u043a\u043d\u043e\u043c \u043f\u0430\u043b\u044c\u0446\u044b:\n----------------------\n\u2014 \u0412\u044b \u0436\u0438\u0432\u0451\u0442\u0435 \u0432 \u043f\u043b\u043e\u0445\u043e\u043c \u0440\u0430\u0439\u043e\u043d\u0435?\n\u2014 \u041d\u0435 \u0442\u043e \u0441\u043b\u043e\u0432\u043e. \u041e\u0434\u043d\u0430\u0436\u0434\u044b \u0441 \u043d\u0430\u0448\u0435\u0439 \u0443\u043b\u0438\u0446\u044b \u0443\u0433\u043d\u0430\u043b\u0438 \u043f\u043e\u043b\u0438\u0446\u0435\u0439\u0441\u043a\u0443\u044e \u043c\u0430\u0448\u0438\u043d\u0443 \u0441 \u0434\u0432\u0443\u043c\u044f \u043f\u043e\u043b\u0438\u0446\u0435\u0439\u0441\u043a\u0438\u043c\u0438. \u0412 \u0434\u043e\u043c \u0432\u0441\u0451 \u0432\u0440\u0435\u043c\u044f \u043b\u0435\u0437\u0443\u0442 \u0432\u043e\u0440\u044b. \u041a\u0430\u0436\u0434\u044b\u0439 \u0440\u0430\u0437, \u043a\u0430\u043a \u044f \u043f\u044b\u0442\u0430\u044e\u0441\u044c \u0437\u0430\u043a\u0440\u044b\u0442\u044c \u043e\u043a\u043d\u043e, \u043f\u0440\u0438\u0449\u0435\u043c\u043b\u044f\u044e \u043a\u043e\u043c\u0443-\u043d\u0438\u0431\u0443\u0434\u044c \u043f\u0430\u043b\u044c\u0446\u044b.", "pub_date": "2022-04-29T10:38:19.293Z", "title": 2, "score": 3}}, {"model": "reviews.review", "pk": 6, "fields": {"author": ["bingobongo"], "text": "\u0412\u0441\u0451, \u043a\u0430\u043a \u0432 \u0440\u0430\u0437\u043d\u044b\u0445 \u044f\u0437\u044b\u043a\u0430\u0445 \u043f\u0440\u043e\u0433\u0440\u0430\u043c\u043c\u0438\u0440\u043e\u0432\u0430\u043d\u0438\u044f! \u0412 \u043e\u0441\u043d\u043e\u0432\u043d\u043e\u043c \u2014 \u043f\u043e\u0445\u043e\u0436\u0435, \u043d\u043e \u0432\u043e\u0442 \u044d\u0442\u0438 \u043c\u0430\u043b\u0435\u043d\u044c\u043a\u0438\u0435 \u0440\u0430\u0437\u043b\u0438\u0447\u0438\u044f \u0432\u044b\u0432\u043e\u0434\u044f\u0442 \u0438\u0437 \u0441\u0435\u0431\u044f. \n\u0412\u0435\u043b\u0438\u043a\u0438\u0439 \u0444\u0438\u043b\u044c\u043c \u043d\u0430 \u0432\u0441\u0435 \u0441\u043b\u0443\u0447\u0430\u0438 \u0436\u0438\u0437\u043d\u0438!\n=====================================================\n\u2014 \u0410 \u0437\u043d\u0430\u0435\u0448\u044c, \u043a\u0430\u043a \u0432 \u041f\u0430\u0440\u0438\u0436\u0435 \u043d\u0430\u0437\u044b\u0432\u0430\u044e\u0442 \u0447\u0435\u0442\u0432\u0435\u0440\u0442\u044c\u0444\u0443\u043d\u0442\u043e\u0432\u044b\u0439 \u0447\u0438\u0437\u0431\u0443\u0440\u0433\u0435\u0440?\n\u2014 \u0427\u0442\u043e, \u043e\u043d\u0438 \u043d\u0435 \u0437\u043e\u0432\u0443\u0442 \u0435\u0433\u043e \u0447\u0435\u0442\u0432\u0435\u0440\u0442\u044c\u0444\u0443\u043d\u0442\u043e\u0432\u044b\u0439 \u0447\u0438\u0437\u0431\u0443\u0440\u0433\u0435\u0440?\n\u2014 \u0423 \u043d\u0438\u0445 \u0442\u0430\u043c \u043c\u0435\u0442\u0440\u0438\u0447\u0435\u0441\u043a\u0430\u044f \u0441\u0438\u0441\u0442\u0435\u043c\u0430. \u041e\u043d\u0438 \u0432\u043e\u043e\u0431\u0449\u0435 \u0442\u0430\u043c \u043d\u0435 \u043f\u043e\u043d\u0438\u043c\u0430\u044e\u0442, \u0447\u0442\u043e \u0437\u0430 \u0445\u0440\u0435\u043d \u0447\u0435\u0442\u0432\u0435\u0440\u0442\u044c \u0444\u0443\u043d\u0442\u0430.\n\u2014 \u0418 \u043a\u0430\u043a \u043e\u043d\u0438 \u0435\u0433\u043e \u0437\u043e\u0432\u0443\u0442?\n\u2014 \u041e\u043d\u0438 \u0437\u043e\u0432\u0443\u0442 \u0435\u0433\u043e \u00ab\u0420\u043e\u044f\u043b \u0447\u0438\u0437\u0431\u0443\u0440\u0433\u0435\u0440\u00bb.\n\u2014 \u00ab\u0420\u043e\u044f\u043b \u0447\u0438\u0437\u0431\u0443\u0440\u0433\u0435\u0440\u00bb? \u0410 \u043a\u0430\u043a \u0436\u0435 \u0442\u043e\u0433\u0434\u0430 \u043e\u043d\u0438 \u0437\u043e\u0432\u0443\u0442 \u00ab\u0411\u0438\u0433 \u041c\u0430\u043a\u00bb?\n\u2014 \u00ab\u0411\u0438\u0433 \u041c\u0430\u043a\u00bb \u044d\u0442\u043e \u00ab\u0411\u0438\u0433 \u041c\u0430\u043a\u00bb, \u0442\u043e\u043b\u044c\u043a\u043e \u043e\u043d\u0438 \u043d\u0430\u0437\u044b\u0432\u0430\u044e\u0442 \u0435\u0433\u043e \u00ab\u041b\u0451 \u0411\u0438\u0433 \u041c\u0430\u043a\u00bb.", "pub_date": "2022-04-29T10:38:19.302Z", "title": 5, "score": 8}}, {"model": "reviews.review", "pk": 7, "fields": {"author": ["capt_obvious"], "text": "\u041d\u0438\u0447\u0435\u0433\u043e \u043d\u0435 \u043f\u043e\u043d\u044f\u0442\u043d\u043e. \u041e\u043d\u0438 \u0442\u0430\u043c \u0447\u0442\u043e, \u0441\u0442\u0440\u0430\u043d\u0438\u0446\u044b \u0441\u0446\u0435\u043d\u0430\u0440\u0438\u044f \u043f\u0435\u0440\u0435\u043f\u0443\u0442\u0430\u043b\u0438? \u0415\u0433\u043e \u0441\u043f\u0435\u0440\u0432\u0430 \u0443\u0431\u0438\u043b\u0438, \u0430 \u043f\u043e\u0442\u043e\u043c \u043e\u043d \u043e\u043f\u044f\u0442\u044c \u0436\u0438\u0432, \u0430 \u043e\u043d\u0438 \u0441\u043f\u0435\u0440\u0432\u0430 \u0432 \u0444\u0443\u0442\u0431\u043e\u043b\u043a\u0430\u0445, \u043f\u043e\u0442\u043e\u043c \u0432 \u043a\u043e\u0441\u0442\u044e\u043c\u0430\u0445, \u0430 \u043f\u043e\u0442\u043e\u043c \u043e\u043f\u044f\u0442\u044c \u0432 \u0444\u0443\u0442\u0431\u043e\u043b\u043a\u0430\u0445. \u0415\u0440\u0443\u043d\u0434\u0430 \u043f\u043e\u043b\u043d\u0430\u044f", "pub_date": "2022-04-29T10:38:19.303Z", "title": 5, "score": 1}}, {"model": "reviews.review", "pk": 8, "fields": {"author": ["faust"], "text": "\u041e\u0447\u0435\u043d\u044c \u043f\u043e\u0443\u0447\u0438\u0442\u0435\u043b\u044c\u043d\u044b\u0439 \u0444\u0438\u043b\u044c\u043c \u043e \u0442\u043e\u043c, \u0447\u0442\u043e \u0442\u0430\u043a\u043e\u0435 \u0445\u043e\u0440\u043e\u0448\u043e, \u0447\u0442\u043e \u0442\u0430\u043a\u043e\u0435 \u043f\u043b\u043e\u0445\u043e \u0438 \u043f\u043e\u0447\u0435\u043c\u0443 \u043d\u0435 \u043d\u0430\u0434\u043e \u0447\u0438\u0442\u0430\u0442\u044c \u0432 \u0442\u0443\u0430\u043b\u0435\u0442\u0435.\n\u0422\u0432\u0435\u0440\u0434\u0430\u044f \u0432\u043e\u0441\u044c\u043c\u0451\u0440\u043a\u0430", "pub_date": "2022-04-29T10:38:19.305Z", "title": 5, "score": 8}}, {"model": "reviews.review", "pk": 9, "fields": {"author": ["reviewer"], "text": "\u041f\u043e\u0441\u043c\u043e\u0442\u0440\u0435\u043b \u0444\u0438\u043b\u044c\u043c. \n\u2014 \u041d\u0430 \u0441\u0432\u0435\u0442\u0435 \u0435\u0441\u0442\u044c \u0434\u0432\u0430 \u0442\u0438\u043f\u0430 \u043b\u044e\u0434\u0435\u0439: \u0442\u0435, \u043a\u0442\u043e \u043a\u043e\u043f\u0430\u0435\u0442 \u0438 \u0442\u0435, \u0443 \u043a\u043e\u0433\u043e \u0437\u0430\u0440\u044f\u0436\u0435\u043d \u0440\u0435\u0432\u043e\u043b\u044c\u0432\u0435\u0440.\n\u041f\u043e\u0439\u0434\u0443 \u043a\u043e\u043f\u0430\u0442\u044c, \u043a\u0430\u043a \u0432\u0435\u043b\u0435\u043b \u041a\u043b\u0438\u043d\u0442. \n\u0414\u0435\u0432\u044f\u0442\u044c \u0431\u0430\u043b\u043b\u043e\u0432.", "pub_date": "2022-04-29T10:38:19.307Z", "title": 6, "score": 9}}, {"model": "reviews.review", "pk": 10, "fields": {"author": ["angry"], "text": "\u0412\u0435\u0447\u043d\u0430\u044f \u043f\u0440\u043e\u0431\u043b\u0435\u043c\u0430 \u0432\u0441\u0435\u0445 \u0437\u043b\u043e\u0434\u0435\u0435\u0432, \u0431\u043e\u043b\u0442\u0430\u044e\u0449\u0438\u0445-\u0431\u043e\u043b\u0442\u0430\u044e\u0449\u0438\u0445-\u0431\u043e\u043b\u0442\u0430\u044e\u0449\u0438\u0445 \u0432\u043c\u0435\u0441\u0442\u043e \u0442\u043e\u0433\u043e, \u0447\u0442\u043e\u0431\u044b \u043f\u0440\u043e\u0441\u0442\u043e \u0437\u0430\u0441\u0442\u0440\u0435\u043b\u0438\u0442\u044c \u043f\u0440\u043e\u0442\u0438\u0432\u043d\u0438\u043a\u0430, \u043e\u0434\u043d\u0438\u043c \u043c\u0430\u0445\u043e\u043c \u0440\u0435\u0448\u0435\u043d\u0430 \u0432 \u044d\u0442\u043e\u0439 \u0441\u0446\u0435\u043d\u0435.\n\u0417\u0430 \u043e\u0434\u043d\u043e \u044d\u0442\u043e \u0444\u0438\u043b\u044c\u043c \u0437\u0430\u0441\u043b\u0443\u0436\u0438\u0432\u0430\u0435\u0442 \u0432\u044b\u0441\u0448\u0435\u0433\u043e \u0431\u0430\u043b\u043b\u0430\n\"\u041f\u0440\u0438\u0448\u0435\u043b \u0441\u0442\u0440\u0435\u043b\u044f\u0442\u044c - \u0441\u0442\u0440\u0435\u043b\u044f\u0439, \u0430 \u043d\u0435 \u0431\u043e\u043b\u0442\u0430\u0439!\"", "pub_date": "2022-04-29T10:38:19.309Z", "title": 6, "score": 10}}, {"model": "reviews.review", "pk": 12, "fields": {"author": ["capt_obvious"], "text": "\u041d\u0435\u0434\u0430\u0432\u043d\u043e \u0438\u043c\u0435\u043d\u043d\u043e \u0442\u0430\u043a \u044f \u0438\u0437\u043e\u0431\u0440\u0451\u043b \u0432\u0435\u0447\u043d\u044b\u0439 \u0434\u0432\u0438\u0433\u0430\u0442\u0435\u043b\u044c! \u0427\u0438\u0441\u0442\u0430\u044f \u043f\u0440\u0430\u0432\u0434\u0430 \u0432 \u0444\u0438\u043b\u044c\u043c\u0435, \u043f\u043e\u0447\u0435\u043c\u0443 \u043e\u043d \u043d\u0430\u0437\u0432\u0430\u043d \"\u0444\u0430\u043d\u0442\u0430\u0441\u0442\u0438\u043a\u043e\u0439\", \u044d\u0442\u043e \u0436\u0435 \u043f\u043e\u043b\u043d\u0435\u0439\u0448\u0438\u0439 \u0440\u0435\u0430\u043b\u0438\u0437\u043c!\n\u0412\u043e\u0442 \u0446\u0438\u0442\u0430\u0442\u0430. \u041d\u043e \u0437\u0430\u0447\u0435\u043c \u0435\u043c\u0443 \u0447\u0430\u0441\u044b \u0432 \u0443\u0431\u043e\u0440\u043d\u043e\u0439?!\n\u2014 \u0412 \u0442\u043e\u0442 \u0434\u0435\u043d\u044c \u044f \u0438\u0437\u043e\u0431\u0440\u0451\u043b \u043f\u0443\u0442\u0435\u0448\u0435\u0441\u0442\u0432\u0438\u0435 \u0432\u043e \u0432\u0440\u0435\u043c\u0435\u043d\u0438! \u041a\u0430\u043a \u0441\u0435\u0439\u0447\u0430\u0441 \u043f\u043e\u043c\u043d\u044e\u2026 \u042f \u0441\u0442\u043e\u044f\u043b \u043d\u0430 \u0443\u043d\u0438\u0442\u0430\u0437\u0435 \u0438 \u0432\u0435\u0448\u0430\u043b \u0447\u0430\u0441\u044b. \u0412\u0434\u0440\u0443\u0433 \u043f\u043e\u0434\u0441\u043a\u043e\u043b\u044c\u0437\u043d\u0443\u043b\u0441\u044f, \u0443\u0434\u0430\u0440\u0438\u043b\u0441\u044f \u0433\u043e\u043b\u043e\u0432\u043e\u0439 \u043e \u0440\u0430\u043a\u043e\u0432\u0438\u043d\u0443", "pub_date": "2022-04-29T10:38:19.342Z", "title": 14, "score": 8}}, {"model": "reviews.review", "pk": 13, "fields": {"author": ["faust"], "text": "\u0412\u0435\u043b\u0438\u043a\u0438\u0439 \u0444\u0438\u043b\u044c\u043c, \u0436\u0430\u043b\u044c \u0442\u043e\u043b\u044c\u043a\u043e, \u0447\u0442\u043e \u0431\u0443\u0434\u0443\u0449\u0435\u0435, \u043a\u043e\u0442\u043e\u0440\u043e\u0435 \u0432 \u043d\u0451\u043c \u043f\u043e\u043a\u0430\u0437\u0430\u043d\u043e, \u0443\u0436\u0435 \u0432 \u043f\u0440\u043e\u0448\u043b\u043e\u043c. \u041d\u043e \u043f\u0440\u043e\u0431\u043b\u0435\u043c\u044b \u0432\u0441\u0451 \u0442\u0435\u0436\u0435, \u0432\u043e\u0442 \u043a\u0430\u043a \u044d\u0442\u0430, \u043d\u0430\u043f\u0440\u0438\u043c\u0435\u0440: \u00ab\u0414\u043e\u043a, \u043f\u043e\u0441\u043b\u0443\u0448\u0430\u0439, \u0432\u0441\u0451, \u0447\u0442\u043e \u043d\u0430\u043c \u043d\u0443\u0436\u043d\u043e \u2014 \u044d\u0442\u043e \u043d\u0435\u043c\u043d\u043e\u0433\u043e \u043f\u043b\u0443\u0442\u043e\u043d\u0438\u044f!\u00bb\n\u0412\u0441\u0435\u0433\u0434\u0430 \u043d\u0435 \u0445\u0432\u0430\u0442\u0430\u0435\u0442 \u043a\u0430\u043a\u043e\u0439-\u043d\u0438\u0431\u0443\u0434\u044c \u043c\u0435\u043b\u043e\u0447\u0438. \u0421\u0435\u043c\u0451\u0440\u043a\u0430 \u0437\u0430 \u0442\u043e, \u0447\u0442\u043e \u0431\u0443\u0434\u0443\u0449\u0435\u0435 \u043e\u043a\u0430\u0437\u0430\u043b\u043e\u0441\u044c \u043d\u0435 \u0442\u0430\u043a\u0438\u043c, \u043a\u0430\u043a \u043e\u0431\u0435\u0449\u0430\u043b\u0438.", "pub_date": "2022-04-29T10:38:19.344Z", "title": 14, "score": 7}}, {"model": "reviews.review", "pk": 14, "fields": {"author": ["reviewer"], "text": "\u0411\u0443\u0434\u0443\u0449\u0435\u0435 \u0432\u044b\u0433\u043b\u044f\u0434\u0438\u0442 \u0441\u0442\u0440\u0430\u043d\u043d\u043e \u0438 \u043d\u0435\u043e\u0436\u0438\u0434\u0430\u043d\u043d\u043e, \u0442\u043e\u0436\u0435 \u043c\u043d\u0435, \u0431\u0438\u043d\u043e\u043c \u041d\u044c\u044e\u0442\u043e\u043d\u0430. \u041d\u043e \u0434\u0438\u0430\u043b\u043e\u0433 \u043f\u0440\u0435\u043a\u0440\u0430\u0441\u0435\u043d, \u0438 \u0437\u0430 \u044d\u0442\u043e \u043d\u0435 \u0441\u0442\u0430\u043d\u0443 \u0441\u0438\u043b\u044c\u043d\u043e \u043c\u0438\u043d\u0443\u0441\u043e\u0432\u0430\u0442\u044c.\n-- Then tell me, future boy, who's President of the United States in 1985?\n-- Ronald Reagan.\n-- Ronald Reagan? The actor? Then who's vice president? Jerry Lewis?", "pub_date": "2022-04-29T10:38:19.345Z", "title": 14, "score": 4}}, {"model": "reviews.review", "pk": 15, "fields": {"author": ["angry"], "text": "\u041d\u0435\u0443\u0436\u0435\u043b\u0438 \u0438\u0437 \u0442\u044e\u0440\u044c\u043c\u044b \u0442\u0430\u043a \u043b\u0435\u0433\u043a\u043e \u0431\u044b\u043b\u043e \u0441\u0431\u0435\u0436\u0430\u0442\u044c? \u0420\u0430\u0437 - \u0438 \u0442\u044b \u043d\u0430 \u0441\u0432\u043e\u0431\u043e\u0434\u0435. \u0414\u0430, \u043f\u043e\u0431\u0435\u0433 \u0438\u0437 \u0428\u043e\u0443\u0448\u0435\u043d\u043a\u0430 \u043f\u0440\u0438\u0448\u043b\u043e\u0441\u044c \u0433\u043e\u0442\u043e\u0432\u0438\u0442\u044c \u043d\u0435\u043c\u043d\u043e\u0433\u043e \u0434\u043e\u043b\u044c\u0448\u0435. \u041f\u044f\u0442\u044c \u0437\u0430 \u0441\u043e\u0446\u0440\u0435\u0430\u043b\u0438\u0437\u043c", "pub_date": "2022-04-29T10:38:19.359Z", "title": 17, "score": 5}}, {"model": "reviews.review", "pk": 16, "fields": {"author": ["bingobongo"], "text": "\u0421\u0445\u043e\u0434\u0438\u043b\u0430 \u0432 \u043a\u0438\u043d\u043e, \u0440\u0435\u0448\u0438\u043b\u0430 \u043d\u0430\u043f\u0438\u0441\u0430\u0442\u044c: \u0434\u0440\u0430\u0439\u0432 \u0438 \u043e\u0433\u043e\u043d\u044c, \u043d\u043e \u0438\u043d\u043e\u0433\u0434\u0430 \u043a\u0430\u043a\u043e\u0439-\u0442\u043e \u0431\u0440\u0435\u0434 \u043d\u0430 \u044d\u043a\u0440\u0430\u043d\u0435. \u0412 \u0441\u0435\u0440\u0435\u0434\u0438\u043d\u0435 \u0444\u0438\u043b\u044c\u043c\u0430 \u043f\u0440\u043e\u0441\u0442\u043e \u043e\u0442\u043b\u0438\u0447\u043d\u044b\u0435 \u0434\u0438\u0430\u043b\u043e\u0433\u0438! \u041f\u0443\u0441\u0442\u044c \u0431\u0443\u0434\u0435\u0442 7", "pub_date": "2022-04-29T10:38:19.295Z", "title": 3, "score": 7}}, {"model": "reviews.review", "pk": 17, "fields": {"author": ["capt_obvious"], "text": "\u0421\u043c\u043e\u0442\u0440\u0435\u043b, \u043d\u0435 \u043e\u0442\u0440\u044b\u0432\u0430\u044f\u0441\u044c, \u0445\u043e\u0447\u0443 \u043e\u043f\u0438\u0441\u0430\u0442\u044c \u0441\u0432\u043e\u0438 \u0432\u043f\u0435\u0447\u0430\u0442\u043b\u0435\u043d\u0438\u044f. \u041f\u043e \u043c\u043e\u0435\u043c\u0443 \u043c\u043d\u0435\u043d\u0438\u044e, \u0441\u0446\u0435\u043d\u0430\u0440\u0438\u0439 \u043f\u043e\u0434\u043a\u0430\u0447\u0430\u043b, \u0437\u0430\u0442\u043e \u043f\u043e\u0434\u0431\u043e\u0440 \u0430\u043a\u0442\u0451\u0440\u043e\u0432 - \u0441\u0443\u043f\u0435\u0440. \u041d\u0430\u0447\u0430\u043b\u043e \u043d\u0435\u043c\u043d\u043e\u0433\u043e \u0437\u0430\u0442\u044f\u043d\u0443\u0442\u043e. \u041e\u043f\u0435\u0440\u0430\u0442\u043e\u0440\u0443 - \u041e\u0441\u043a\u0430\u0440\u0430! \u0412\u0441\u0451 \u043e\u0441\u0442\u0430\u043b\u044c\u043d\u043e\u0435 - \u043d\u0435 \u043e\u0447\u0435\u043d\u044c. \u0424\u0438\u043b\u044c\u043c \u0442\u044f\u043d\u0435\u0442 \u043d\u0430 8 \u0438\u0437 10", "pub_date": "2022-04-29T10:38:19.297Z", "title": 3, "score": 8}}, {"model": "reviews.review", "pk": 18, "fields": {"author": ["faust"], "text": "\u0421\u043a\u0430\u0447\u0430\u043b, \u043f\u043e\u0441\u043c\u043e\u0442\u0440\u0435\u043b, \u0434\u0443\u043c\u0430\u044e, \u0447\u0442\u043e \u0430\u043a\u0442\u0451\u0440\u044b \u0442\u0430\u043a \u0441\u0435\u0431\u0435, \u0441\u0446\u0435\u043d\u0430\u0440\u0438\u0439 \u0445\u043e\u0440\u043e\u0448\u0438\u0439. \u0414\u0438\u0430\u043b\u043e\u0433\u0438 \u043f\u0440\u0435\u043a\u0440\u0430\u0441\u043d\u044b\u0435, \u0442\u0430\u043a \u0447\u0442\u043e \u043f\u0443\u0441\u0442\u044c \u0431\u0443\u0434\u0435\u0442 \u0432\u043e\u0441\u0435\u043c\u044c \u0437\u0432\u0435\u0437\u0434", "pub_date": "2022-04-29T10:38:19.298Z", "title": 4, "score": 8}}, {"model": "reviews.review", "pk": 19, "fields": {"author": ["reviewer"], "text": "\u041f\u043e\u0441\u043c\u043e\u0442\u0440\u0435\u043b. \u041f\u043e \u043c\u043e\u0435\u043c\u0443 \u043c\u043d\u0435\u043d\u0438\u044e, \u0430\u043a\u0442\u0451\u0440\u044b \u0442\u0430\u043a \u0441\u0435\u0431\u0435, \u043d\u043e \u0441\u0446\u0435\u043d\u0430\u0440\u0438\u0439 \u0445\u043e\u0440\u043e\u0448\u0438\u0439. \u041f\u0435\u0440\u0432\u0443\u044e \u043f\u043e\u043b\u043e\u0432\u0438\u043d\u0443 \u0444\u0438\u043b\u044c\u043c\u0430 \u043c\u043e\u0436\u043d\u043e \u0441\u043f\u0430\u0442\u044c, \u043d\u0435 \u043e\u043f\u0430\u0441\u0430\u044f\u0441\u044c, \u0447\u0442\u043e \u0447\u0442\u043e-\u0442\u043e \u043f\u0440\u043e\u043f\u0443\u0441\u0442\u0438\u0448\u044c. \u041d\u0435 \u0440\u0430\u0437\u0434\u0443\u043c\u044b\u0432\u0430\u044f, \u0441\u0442\u0430\u0432\u043b\u044e \u0443\u0432\u0435\u0440\u0435\u043d\u043d\u0443\u044e \u0434\u0435\u0441\u044f\u0442\u043a\u0443", "pub_date": "2022-04-29T10:38:19.300Z", "title": 4, "score": 10}}, {"model": "reviews.review", "pk": 20, "fields": {"author": ["angry"], "text": "\u0421\u043a\u0430\u0436\u0443 \u0442\u0435\u043c, \u043a\u0442\u043e \u0435\u0449\u0451 \u043d\u0435 \u0441\u043c\u043e\u0442\u0440\u0435\u043b: \u0435\u0441\u043b\u0438 \u0431\u044b \u044f \u0431\u044b\u043b \u0440\u0435\u0436\u0438\u0441\u0441\u0451\u0440\u043e\u043c \u044d\u0442\u043e\u0433\u043e \u0444\u0438\u043b\u044c\u043c\u0430 - \u044f \u0431\u044b \u043d\u0435 \u0433\u043e\u0440\u0434\u0438\u043b\u0441\u044f. \u041e\u043f\u0435\u0440\u0430\u0442\u043e\u0440\u0430 \u0443\u0432\u043e\u043b\u0438\u0442\u044c, \u0444\u0438\u043b\u044c\u043c \u043f\u043e\u043b\u0443\u0447\u0438\u043b\u0441\u044f \u0442\u0430\u043a \u0441\u0435\u0431\u0435, \u043d\u043e \u043e\u0434\u0438\u043d \u0440\u0430\u0437 \u043f\u043e\u0441\u043c\u043e\u0442\u0440\u0435\u0442\u044c - \u0441\u043e\u0439\u0434\u0451\u0442. \u0410\u0432\u0442\u043e\u0440\u044b \u0447\u0435\u0441\u0442\u043d\u043e \u0437\u0430\u0441\u043b\u0443\u0436\u0438\u043b\u0438 5 \u0438\u0437 10", "pub_date": "2022-04-29T10:38:19.312Z", "title": 7, "score": 5}}, {"model": "reviews.review", "pk": 21, "fields": {"author": ["bingobongo"], "text": "\u0421\u043a\u0430\u0447\u0430\u043b, \u043f\u043e\u0441\u043c\u043e\u0442\u0440\u0435\u043b, \u0434\u0443\u043c\u0430\u044e, \u0447\u0442\u043e \u0441\u0446\u0435\u043d\u0430\u0440\u0438\u0439 \u043f\u043e\u0434\u043a\u0430\u0447\u0430\u043b, \u0437\u0430\u0442\u043e \u043f\u043e\u0434\u0431\u043e\u0440 \u0430\u043a\u0442\u0451\u0440\u043e\u0432 - \u0441\u0443\u043f\u0435\u0440. \u041d\u0430\u0447\u0430\u043b\u043e \u043d\u0435\u043c\u043d\u043e\u0433\u043e \u0437\u0430\u0442\u044f\u043d\u0443\u0442\u043e, \u0434\u0430 \u0438 \u0432\u043e\u043e\u0431\u0449\u0435 \u043d\u0435 \u043e\u0447\u0435\u043d\u044c. \u0424\u0438\u043b\u044c\u043c \u0435\u0434\u0432\u0430 \u0442\u044f\u043d\u0435\u0442 \u043d\u0430 4", "pub_date": "2022-04-29T10:38:19.310Z", "title": 7, "score": 4}}, {"model": "reviews.review", "pk": 22, "fields": {"author": ["capt_obvious"], "text": "\u041c\u043d\u0435 \u043a\u0430\u0436\u0435\u0442\u0441\u044f, \u0447\u0442\u043e \u044f \u0432\u043f\u0443\u0441\u0442\u0443\u044e \u043f\u043e\u0442\u0435\u0440\u044f\u043b \u0432\u0440\u0435\u043c\u044f. \u0421\u0442\u0430\u0432\u043b\u044e 2", "pub_date": "2022-04-29T10:38:19.314Z", "title": 8, "score": 2}}, {"model": "reviews.review", "pk": 23, "fields": {"author": ["faust"], "text": "\u041f\u043e\u0441\u043c\u043e\u0442\u0440\u0435\u043b\u0430. \u0410\u043a\u0442\u0451\u0440\u044b \u0442\u0430\u043a \u0441\u0435\u0431\u0435, \u0441\u0446\u0435\u043d\u0430\u0440\u0438\u0439 \u0445\u043e\u0440\u043e\u0448\u0438\u0439. \u0423\u0441\u043d\u0443\u043b\u0430 \u043a \u0441\u0435\u0440\u0435\u0434\u0438\u043d\u0435. \u041d\u0435 \u0440\u0430\u0437\u0434\u0443\u043c\u044b\u0432\u0430\u044f, \u0441\u0442\u0430\u0432\u043b\u044e \u0434\u0432\u043e\u0439\u043a\u0443 ", "pub_date": "2022-04-29T10:38:19.316Z", "title": 8, "score": 2}}, {"model": "reviews.review", "pk": 24, "fields": {"author": ["reviewer"], "text": "\u0412\u0441\u0435 \u043e\u0447\u0435\u043d\u044c \u0434\u043e\u043b\u0433\u043e \u0436\u0434\u0430\u043b\u0438 \u043f\u0440\u0435\u043c\u044c\u0435\u0440\u0443 \u0444\u0438\u043b\u044c\u043c\u0430,\u0438 \u043d\u0430\u043a\u043e\u043d\u0435\u0446 \u0434\u043e\u0436\u0434\u0430\u043b\u0438\u0441\u044c.\u0424\u0438\u043b\u044c\u043c \u043e\u0442\u043b\u0438\u0447\u043d\u044b\u0439,\u0434\u043e\u0431\u0440\u044b\u0439,\u0441\u043c\u043e\u0442\u0440\u0438\u0442\u0441\u044f \u043f\u043e\u0447\u0442\u0438 \u043d\u0430 \u043e\u0434\u043d\u043e\u043c \u0434\u044b\u0445\u0430\u043d\u0438\u0438,\u0441 \u0437\u0430\u0432\u044f\u0437\u0430\u043d\u043d\u044b\u043c \u0441\u044e\u0436\u0435\u0442\u043e\u043c \u0438 \u043d\u0435 \u043c\u0435\u043d\u0435\u0435 \u043a\u0440\u0443\u0442\u043e\u0439 \u043c\u0443\u0437\u044b\u043a\u043e\u0439.\u041a\u0438\u043d\u043e \u043e\u0447\u0435\u043d\u044c \u043f\u043e\u043d\u0440\u0430\u0432\u0438\u043b\u043e\u0441\u044c!!!\u0412\u0441\u0435\u043c \u0441\u043e\u0432\u0435\u0442\u0443\u044e.", "pub_date": "2022-04-29T10:38:19.319Z", "title": 9, "score": 10}}, {"model": "reviews.review", "pk": 25, "fields": {"author": ["angry"], "text": "\u041e\u0442\u0441\u0442\u043e\u0439-\u0444\u0438\u043b\u044c\u043c. \u041d\u0435 \u0445\u043e\u0434\u0438\u0442\u0435", "pub_date": "2022-04-29T10:38:19.321Z", "title": 9, "score": 1}}, {"model": "reviews.review", "pk": 26, "fields": {"author": ["bingobongo"], "text": "\u0414\u043b\u044f \u043b\u044e\u0434\u0435\u0439, \u043a\u043e\u0442\u043e\u0440\u044b\u0435 \u0445\u043e\u0442\u044f\u0442 \u043f\u043e\u0441\u043c\u0435\u044f\u0442\u044c\u0441\u044f \u0438 \u043f\u043e\u043b\u0443\u0447\u0438\u0442\u044c \u043c\u043e\u0440\u0435 \u044d\u043c\u043e\u0446\u0438\u0439, \u0442\u043e\u0442 \u0441\u0430\u043c\u044b\u0439 \u0444\u0438\u043b\u044c\u043c. \u041c\u043d\u0435 \u043e\u0447\u0435\u043d\u044c \u043f\u043e\u043d\u0440\u0430\u0432\u0438\u043b\u0441\u044f.", "pub_date": "2022-04-29T10:38:19.317Z", "title": 9, "score": 10}}, {"model": "reviews.review", "pk": 27, "fields": {"author": ["capt_obvious"], "text": "\u041f\u0435\u0440\u0432\u044b\u0439 \u0440\u0430\u0437 \u0432 \u0436\u0438\u0437\u043d\u0438 \u0440\u0435\u0448\u0438\u043b\u0430 \u043d\u0430\u043f\u0438\u0441\u0430\u0442\u044c \u043e\u0442\u0437\u044b\u0432,\u0447\u0442\u043e\u0431\u044b \u043f\u0440\u0435\u0434\u043e\u0441\u0442\u0435\u0440\u0435\u0447\u044c \u043e\u0442 \u043f\u043e\u0442\u0435\u0440\u0438 \u0434\u0435\u043d\u0435\u0433 \u043d\u0430 \u0431\u0438\u043b\u0435\u0442 \u0438 \u0442\u0440\u0430\u0442\u044b \u0432\u0440\u0435\u043c\u0435\u043d\u0438 \u043d\u0430 \u043f\u0440\u043e\u0441\u043c\u043e\u0442\u0440. \u041a \u0438\u0433\u0440\u0435 \u0430\u043a\u0442\u0435\u0440\u043e\u0432 \u043f\u0440\u0435\u0442\u0435\u043d\u0437\u0438\u0439 \u043d\u0435\u0442", "pub_date": "2022-04-29T10:38:19.323Z", "title": 10, "score": 2}}, {"model": "reviews.review", "pk": 28, "fields": {"author": ["faust"], "text": "2 \u0447\u0430\u0441\u0430 \u0441\u043c\u043e\u0442\u0440\u044f\u0442\u0441\u044f \u043d\u0430 \u043e\u0434\u043d\u043e\u043c \u0434\u044b\u0445\u0430\u043d\u0438\u0438. \u0421\u043f\u0435\u0446\u044d\u0444\u0444\u0435\u043a\u0442\u044b \u043d\u0430 \u0443\u0440\u043e\u0432\u043d\u0435 \u0444\u0438\u043b\u044c\u043c\u043e\u0432 \u041c\u0430\u0440\u0432\u0435\u043b\u0430. \u0421\u043c\u043e\u0442\u0440\u0435\u043b\u0438 \u0432\u0441\u0435\u0439 \u0441\u0435\u043c\u044c\u0435\u0439. \u041f\u043e\u0441\u043c\u043e\u0442\u0440\u0435\u043b \u043d\u0435\u0441\u043a\u043e\u043b\u044c\u043a\u043e \u043e\u0442\u0437\u044b\u0432\u043e\u0432, \u043f\u043e\u043d\u044f\u043b , \u0447\u0442\u043e \u0444\u0438\u043b\u044c\u043c \u0441\u0442\u043e\u0438\u0442 \u043f\u043e\u0441\u043c\u043e\u0442\u0440\u0435\u0442\u044c", "pub_date": "2022-04-29T10:38:19.325Z", "title": 10, "score": 10}}, {"model": "reviews.review", "pk": 29, "fields": {"author": ["reviewer"], "text": "\u0414\u0435\u0439\u0441\u0442\u0432\u0438\u044f \u043f\u0435\u0440\u0441\u043e\u043d\u0430\u0436\u0435\u0439 \u0432\u044b\u0437\u044b\u0432\u0430\u044e\u0442 \u043f\u043e\u0441\u0442\u043e\u044f\u043d\u043d\u044b\u0439 \u0432\u043e\u043f\u0440\u043e\u0441\u044b - \u0447\u0442\u043e \u0438 \u0437\u0430\u0447\u0435\u043c \u043e\u043d\u0438 \u044d\u0442\u043e \u0434\u0435\u043b\u0430\u044e\u0442. \u041b\u043e\u0433\u0438\u043a\u0438 \u043f\u0440\u043e\u0441\u0442\u043e \u043d\u0435\u0442. \u041f\u043e\u0441\u043b\u0435 \u043f\u043e\u043b\u043e\u0432\u0438\u043d\u044b \u0444\u0438\u043b\u044c\u043c\u0430 \u0443\u0436\u0435 \u0445\u043e\u0447\u0435\u0442\u0441\u044f \u0443\u0439\u0442\u0438", "pub_date": "2022-04-29T10:38:19.328Z", "title": 11, "score": 1}}, {"model": "reviews.review", "pk": 30, "fields": {"author": ["angry"], "text": "\u041b\u0443\u0447\u0448\u0438\u0439 \u0444\u0438\u043b\u044c\u043c, \u043e\u0434\u043d\u043e\u0437\u043d\u0430\u0447\u043d\u043e. \u0428\u0435\u0434\u0435\u0432\u0440. \u041d\u043e \u0441\u043b\u0435\u0434\u0443\u0435\u0442 \u043f\u043e\u043d\u0438\u043c\u0430\u0442\u044c, \u0447\u0442\u043e \u044d\u0442\u043e \u043d\u0435 \u043a\u0438\u043d\u043e \u043f\u043e\u0434 \u043f\u0438\u0432\u043e \u0434\u043b\u044f \u043c\u043e\u043b\u043e\u0434\u0435\u0436\u0438. \u0421\u0442\u0438\u043b\u044c\u043d\u043e \u0441\u043d\u044f\u0442\u043e, \u043d\u0430 \u043e\u0434\u043d\u043e\u043c \u0434\u044b\u0445\u0430\u043d\u0438\u0438\n\u0441\u043c\u043e\u0442\u0440\u0438\u0442\u0441\u044f, \u043f\u0435\u0440\u0441\u043e\u043d\u0430\u0436\u0438 \u0432\u0435\u043b\u0438\u043a\u043e\u043b\u0435\u043f\u043d\u044b", "pub_date": "2022-04-29T10:38:19.330Z", "title": 11, "score": 10}}, {"model": "reviews.review", "pk": 31, "fields": {"author": ["bingobongo"], "text": "\u0422\u0443\u043f\u0435\u0435 \u043d\u0435 \u0432\u0438\u0434\u0435\u043b, \u0441\u043c\u043e\u0442\u0440\u0435\u0442\u044c \u043d\u0435 \u0438\u043d\u0442\u0435\u0440\u0435\u0441\u043d\u043e \u0441\u043a\u0443\u0447\u043d\u044f\u043a", "pub_date": "2022-04-29T10:38:19.326Z", "title": 11, "score": 1}}, {"model": "reviews.review", "pk": 32, "fields": {"author": ["capt_obvious"], "text": "\u0424\u0438\u043b\u044c\u043c \u0438\u043d\u0442\u0435\u0440\u0435\u0441\u043d\u044b\u0439,\u043d\u043e \u043d\u0435 \u0434\u043e\u0440\u0430\u0431\u043e\u0442\u0430\u043d\u043d\u044b\u0439.\u041e\u0441\u0442\u0440\u043e\u0442\u044b \u0441\u044e\u0436\u0435\u0442\u0430 \u043d\u0435 \u0445\u0432\u0430\u0442\u0430\u0435\u0442", "pub_date": "2022-04-29T10:38:19.331Z", "title": 12, "score": 8}}, {"model": "reviews.review", "pk": 33, "fields": {"author": ["faust"], "text": "\u0421\u0430\u043c\u0430\u044f \u0441\u0438\u043b\u044c\u043d\u0430\u044f \u043a\u0430\u0440\u0442\u0438\u043d\u0430 \u0437\u0430 \u043f\u043e\u0441\u043b\u0435\u0434\u043d\u0435\u0435 \u0432\u0440\u0435\u043c\u044f. \u0424\u0438\u043b\u044c\u043c \u0437\u0430\u0441\u0442\u0430\u0432\u043b\u044f\u0435\u0442 \u043f\u043b\u0430\u043a\u0430\u0442\u044c, \u0440\u0430\u0434\u043e\u0432\u0430\u0442\u044c\u0441\u044f, \u0433\u0440\u0443\u0441\u0442\u0438\u0442\u044c, \u0434\u0435\u0440\u0436\u0438\u0442 \u0432 \u043d\u0430\u043f\u0440\u044f\u0436\u0435\u043d\u0438\u0438", "pub_date": "2022-04-29T10:38:19.333Z", "title": 12, "score": 10}}, {"model": "reviews.review", "pk": 34, "fields": {"author": ["reviewer"], "text": "\u0421 \u043e\u0433\u0440\u043e\u043c\u043d\u044b\u043c \u0443\u0434\u043e\u0432\u043e\u043b\u044c\u0441\u0442\u0432\u0438\u0435\u043c \u0441\u0445\u043e\u0434\u0438\u043b\u0430 \u0432 \u043a\u0438\u043d\u043e\u0442\u0435\u0430\u0442\u0440. \u041e\u0434\u043d\u043e\u0440\u0430\u0437\u043e\u0432\u044b\u0435 \u0444\u0438\u043b\u044c\u043c\u044b, \u043d\u0430\u0437\u0432\u0430\u043d\u0438\u044f \u043a\u043e\u0442\u043e\u0440\u044b\u0445 \u0437\u0430\u0431\u044b\u0432\u0430\u0435\u0448\u044c \u043d\u0430 \u0432\u044b\u0445\u043e\u0434\u0435 \u0438\u0437 \u0434\u0432\u0435\u0440\u0435\u0439 \u043a\u0438\u043d\u043e\u0437\u0430\u043b\u0430, \u0440\u0430\u0437\u043e\u0447\u0430\u0440\u043e\u0432\u044b\u0432\u0430\u044e\u0442. \u0418 \u0432\u043e\u0442 \u043d\u0430\u0441\u0442\u043e\u044f\u0449\u0438\u0439, \u0434\u0443\u0448\u0435\u0432\u043d\u044b\u0439, \u0436\u0438\u0437\u043d\u0435\u043d\u043d\u044b\u0439 \u0444\u0438\u043b\u044c\u043c. \u0418\u0433\u0440\u0430 \u0430\u043a\u0442\u043e\u0440\u043e\u0432 \u0438 \u0441\u044e\u0436\u0435\u0442 \u0431\u043e\u043c\u0431\u0438\u0447\u0435\u0441\u043a\u0438\u0435.", "pub_date": "2022-04-29T10:38:19.335Z", "title": 12, "score": 9}}, {"model": "reviews.review", "pk": 35, "fields": {"author": ["angry"], "text": "\u0427\u0442\u043e \u0441\u043a\u0430\u0437\u0430\u0442\u044c \u043f\u043e\u0441\u043b\u0435 \u043f\u0440\u043e\u0441\u043c\u043e\u0442\u0440\u0430? \u041d\u0438\u0447\u0435\u0433\u043e. \u0422\u0430\u043a\u043e\u0435 \u043e\u0449\u0443\u0449\u0435\u043d\u0438\u0435, \u0447\u0442\u043e \u0442\u0435\u0431\u044f \u043e\u0431\u043c\u0430\u043d\u0443\u043b\u0438, \u0437\u0430\u0441\u0442\u0430\u0432\u0438\u043b\u0438 \u0441\u043c\u043e\u0442\u0440\u0435\u0442\u044c \u0437\u0430 \u0442\u0432\u043e\u0438 \u0434\u0435\u043d\u044c\u0433\u0438 \u043d\u0430 \u0441\u0442\u0435\u043d\u0443", "pub_date": "2022-04-29T10:38:19.340Z", "title": 13, "score": 1}}, {"model": "reviews.review", "pk": 36, "fields": {"author": ["bingobongo"], "text": "\u0425\u043e\u0442\u0435\u043b\u043e\u0441\u044c \u0443\u0439\u0442\u0438 \u0443\u0436\u0435 \u043d\u0430 \u0434\u0432\u0430\u0434\u0446\u0430\u0442\u043e\u0439 \u043c\u0438\u043d\u0443\u0442\u0435. \u041d\u0435\u0438\u043d\u0442\u0435\u0440\u0435\u0441\u043d\u043e \u0438 \u043d\u0443\u0434\u043d\u043e. \u0420\u0435\u0436\u0438\u0441\u0441\u0443\u0440\u0430 \u043d\u0435 \u0432\u043f\u0435\u0447\u0430\u0442\u043b\u0438\u043b\u0430, \u043d\u0443 \u043f\u0440\u043e\u0441\u0442\u043e \u043d\u0435\u0438\u043d\u0442\u0435\u0440\u0435\u0441\u043d\u043e \u0441\u043c\u043e\u0442\u0440\u0435\u0442\u044c \u0431\u044b\u043b\u043e", "pub_date": "2022-04-29T10:38:19.336Z", "title": 13, "score": 2}}, {"model": "reviews.review", "pk": 37, "fields": {"author": ["capt_obvious"], "text": "\u0424\u0438\u043b\u044c\u043c \u0441\u0442\u043e\u0438\u0442 \u0443\u0432\u0438\u0434\u0435\u0442\u044c \u0442\u0435\u043c, \u043a\u043e\u043c\u0443 \u0438\u043d\u0442\u0435\u0440\u0435\u0441\u043d\u043e \u0441\u043e\u0432\u0440\u0435\u043c\u0435\u043d\u043d\u043e\u0435 \u043a\u0438\u043d\u043e. \u041d\u0435 \u0441\u043a\u0443\u0447\u043d\u043e, \u043d\u0435 \u0437\u0430\u0442\u044f\u043d\u0443\u0442\u043e, \u043f\u043e\u043d\u0440\u0430\u0432\u0438\u043b\u0430\u0441\u044c \u043e\u043f\u0435\u0440\u0430\u0442\u043e\u0440\u0441\u043a\u0430\u044f \u0440\u0430\u0431\u043e\u0442\u0430, \u043d\u0435\u043a\u043e\u0442\u043e\u0440\u044b\u0435 \u0441\u0446\u0435\u043d\u044b \u0441\u0434\u0435\u043b\u0430\u043d\u044b \u043d\u0430 \u0445\u043e\u0440\u043e\u0448\u0435\u043c \u0443\u0440\u043e\u0432\u043d\u0435", "pub_date": "2022-04-29T10:38:19.338Z", "title": 13, "score": 8}}, {"model": "reviews.review", "pk": 38, "fields": {"author": ["faust"], "text": "\u041c\u0443\u0442\u043e\u0440\u043d\u043e \u0438 \u0442\u044f\u0436\u0435\u043b\u043e. \u0421\u0442\u0430\u0432\u043b\u044e 2", "pub_date": "2022-04-29T10:38:19.347Z", "title": 15, "score": 2}}, {"model": "reviews.review", "pk": 39, "fields": {"author": ["reviewer"], "text": "\u0424\u0438\u043b\u044c\u043c \u043d\u0435 \u043e\u043f\u0440\u0430\u0432\u0434\u0430\u043b \u043e\u0436\u0438\u0434\u0430\u043d\u0438\u0439. \u0421\u043f\u043b\u043e\u0448\u043d\u0430\u044f \u043a\u0430\u0448\u0430, \u0441\u043b\u0430\u0431\u044b\u0439 \u0441\u0446\u0435\u043d\u0430\u0440\u0438\u0439. \u0421 \u0442\u0440\u0443\u0434\u043e\u043c \u0434\u043e\u0441\u043c\u043e\u0442\u0440\u0435\u043b\u0430 \u0434\u043e \u043a\u043e\u043d\u0446\u0430. \u041e\u0436\u0438\u0434\u0430\u043b\u0430 \u043d\u0435\u0447\u0442\u043e \u0442\u0430\u043a\u043e\u0433\u043e \u0438\u043d\u0442\u0435\u0440\u0435\u0441\u043d\u043e\u0433\u043e \u0438 \u0437\u0430\u0445\u0432\u0430\u0442\u044b\u0432\u0430\u044e\u0449\u0435\u0435. \u041f\u043e\u043b\u043d\u043e\u0435 \u0440\u0430\u0437\u043e\u0447\u0430\u0440\u043e\u0432\u0430\u043d\u0438\u0435. \u041e\u0442\u0434\u0435\u043b\u044c\u043d\u044b\u0435 \u043d\u0435\u0441\u0432\u044f\u0437\u043d\u044b\u0435 \u0441\u0446\u0435\u043d\u044b, \u043d\u0435\u043f\u043e\u043d\u044f\u0442\u043d\u044b\u0435 \u0434\u0438\u0430\u043b\u043e\u0433\u0438", "pub_date": "2022-04-29T10:38:19.349Z", "title": 15, "score": 3}}, {"model": "reviews.review", "pk": 40, "fields": {"author": ["angry"], "text": "\u041c\u043d\u0435 \u0444\u0438\u043b\u044c\u043c \u043f\u043e\u043d\u0440\u0430\u0432\u0438\u043b\u0441\u044f. \u0412\u0441\u0435 \u043a\u0430\u0447\u0435\u0441\u0442\u0432\u0435\u043d\u043d\u043e,\u043a\u0440\u0430\u0441\u0438\u0432\u043e. \u0418\u0433\u0440\u0430 \u0430\u043a\u0442\u0435\u0440\u043e\u0432, \u0432 \u043e\u0441\u043d\u043e\u0432\u043d\u043e\u043c, \u043e\u0447\u0435\u043d\u044c \u0434\u0430\u0436\u0435. \u041d\u043e \u0441\u043b\u0438\u0448\u043a\u043e\u043c \u043c\u043d\u043e\u0433\u043e, \u0434\u043b\u044f \u043c\u0435\u043d\u044f \u043a\u0440\u043e\u0432\u0430\u0432\u044b\u0445 \u0441\u0446\u0435\u043d,\u0441\u043b\u0430\u0431\u043e\u043d\u0435\u0440\u0432\u043d\u044b\u043c \u043f\u0440\u043e\u0441\u044c\u0431\u0430 \u043d\u0435 \u0441\u043c\u043e\u0442\u0440\u0435\u0442\u044c", "pub_date": "2022-04-29T10:38:19.351Z", "title": 15, "score": 9}}, {"model": "reviews.review", "pk": 41, "fields": {"author": ["bingobongo"], "text": "\u0417\u0440\u044f \u043f\u043e\u0442\u0435\u0440\u044f\u043d\u043d\u043e\u0435 \u0432\u0440\u0435\u043c\u044f! \u042d\u043c\u043e\u0446\u0438\u0438 \u043f\u043e\u0441\u043b\u0435 \u043f\u0440\u043e\u0441\u043c\u043e\u0442\u0440\u0430, - \u0431\u0435\u0437\u044b\u0441\u0445\u043e\u0434\u043d\u043e\u0441\u0442\u044c, \u043d\u0438\u0447\u0435\u0433\u043e \u0443\u0436\u0435 \u043d\u0435 \u0438\u0437\u043c\u0435\u043d\u0438\u0448\u044c. \u0424\u0438\u043b\u044c\u043c \u0432\u043e\u043e\u0431\u0449\u0435 \u043d\u0438\u043a\u0430\u043a\u043e\u0439!!!\n\u0418 \u043f\u043e\u0441\u0442\u0430\u0432\u0438\u043b\u0438 \u0435\u0433\u043e \u043b\u044e\u0434\u0438 \u0431\u0435\u0437\u0434\u0430\u0440\u043d\u044b\u0435 \u0438 \u043d\u0438\u043a\u0447\u0451\u043c\u043d\u044b\u0435!!!", "pub_date": "2022-04-29T10:38:19.353Z", "title": 16, "score": 1}}, {"model": "reviews.review", "pk": 42, "fields": {"author": ["capt_obvious"], "text": "\u041f\u043e\u0441\u043b\u0435 \u043f\u0440\u043e\u0441\u043c\u043e\u0442\u0440\u0430 \u0440\u0430\u0437\u043e\u0447\u0430\u0440\u043e\u0432\u0430\u043d\u0438\u0435 \u0433\u0440\u0430\u043d\u0438\u0447\u0438\u0442 \u0441 \u0448\u043e\u043a\u043e\u043c. \u0411\u0435\u0437\u0434\u0430\u0440\u043d\u044b\u0439 \u0444\u0438\u043b\u044c\u043c, \u043a\u0430\u043a \u043f\u0440\u0435\u0434\u044b\u0434\u0443\u0449\u0438\u0439 \u043e\u0442 \u044d\u0442\u043e\u0433\u043e \u0436\u0435 \u0440\u0435\u0436\u0438\u0441\u0441\u0435\u0440\u0430. \u041d\u0435 \u0440\u0435\u043a\u043e\u043c\u0435\u043d\u0434\u0443\u044e \u043d\u0438\u043a\u043e\u043c\u0443! \u041f\u043b\u043e\u0445\u043e, \u043d\u0435\u043f\u0440\u0430\u0432\u0434\u043e\u043f\u043e\u0434\u043e\u0431\u043d\u043e, \u0441\u043a\u043e\u043c\u043a\u0430\u043d\u043e \u0441\u043d\u044f\u0442\u043e.", "pub_date": "2022-04-29T10:38:19.354Z", "title": 16, "score": 2}}, {"model": "reviews.review", "pk": 43, "fields": {"author": ["faust"], "text": "\u0424\u0438\u043b\u044c\u043c \u043c\u043e\u0449\u043d\u044b\u0439. \u0413\u043b\u0430\u0432\u043d\u043e\u0435 - \u043d\u0435 \u0437\u0430\u043d\u0438\u043c\u0430\u0442\u044c \u0447\u044c\u044e-\u0442\u043e \u043f\u043e\u0437\u0438\u0446\u0438\u044e, \u0430 \u0441\u043c\u043e\u0442\u0440\u0435\u0442\u044c \u0441\u043e \u0441\u0442\u043e\u0440\u043e\u043d\u044b. \u0412\u043f\u0435\u0440\u0432\u044b\u0435 \u0432\u0438\u0436\u0443, \u0447\u0442\u043e\u0431\u044b \u0431\u044b\u043b\u043e \u0442\u0430\u043a \u0434\u0435\u0442\u0430\u043b\u044c\u043d\u043e \u043f\u043e\u043a\u0430\u0437\u0430\u043d\u044b \u043f\u0435\u0440\u0435\u0436\u0438\u0432\u0430\u043d\u0438\u044f \u0438 \u044d\u043c\u043e\u0446\u0438\u0438 \u043a\u0430\u0436\u0434\u043e\u0433\u043e \u0433\u0435\u0440\u043e\u044f. \u0412\u0441\u0435 \u043d\u0430 \u0441\u0432\u043e\u0435\u043c \u043c\u0435\u0441\u0442\u0435. \u0410\u043a\u0442\u0435\u0440\u044b \u0438 \u0433\u0440\u0430\u0444\u0438\u043a\u0430 \u043d\u0430 \u0432\u044b\u0441\u043e\u0442\u0435.", "pub_date": "2022-04-29T10:38:19.356Z", "title": 16, "score": 10}}, {"model": "reviews.review", "pk": 44, "fields": {"author": ["reviewer"], "text": "\u0415\u0441\u043b\u0438 \u0442\u0430\u043a\u043e\u0439 \u0436\u0430\u043d\u0440 \u0432\u0430\u043c \u043f\u043e \u0432\u043a\u0443\u0441\u0443, \u0442\u043e \u0434\u0430\u0436\u0435 \u043d\u0435 \u0441\u043e\u043c\u043d\u0435\u0432\u0430\u0439\u0442\u0435\u0441\u044c - \u0431\u0435\u0433\u043e\u043c \u0432 \u043a\u0438\u043d\u043e\u0442\u0435\u0430\u0442\u0440! \u0424\u0438\u043b\u044c\u043c - \u043e\u0433\u043e\u043d\u044c! \u0418\u043d\u0442\u0435\u0440\u0435\u0441\u043d\u044b\u0439 \u0441\u044e\u0436\u0435\u0442, \u0432\u0435\u043b\u0438\u043a\u043e\u043b\u0435\u043f\u043d\u0430\u044f \u0438\u0433\u0440\u0430 \u0430\u043a\u0442\u0451\u0440\u043e\u0432, \u0441\u044a\u0451\u043c\u043a\u0438 \u043f\u0440\u043e\u0441\u0442\u043e \u0441\u0443\u043f\u0435\u0440, \u0434\u0430 \u0438 \u0441\u043f\u0435\u0446\u044d\u0444\u0444\u0435\u043a\u0442\u044b \u043d\u0430 \u0432\u044b\u0441\u043e\u0442\u0435", "pub_date": "2022-04-29T10:38:19.358Z", "title": 17, "score": 10}}, {"model": "reviews.review", "pk": 45, "fields": {"author": ["angry"], "text": "\u0421\u044e\u0436\u0435\u0442, \u043c\u044b\u0441\u043b\u044c, \u0444\u0438\u043b\u043e\u0441\u043e\u0444\u0438\u044f, \u0438\u0433\u0440\u0430 \u0430\u043a\u0442\u0435\u0440\u043e\u0432, \u044d\u043c\u043e\u0446\u0438\u0438 - \u0431\u043b\u0435\u0441\u043a! \u0421\u044e\u0436\u0435\u0442 \u0434\u0438\u043d\u0430\u043c\u0438\u0447\u043d\u044b\u0439, \u0438\u0433\u0440\u0430 \u0430\u043a\u0442\u0451\u0440\u043e\u0432 \u0445\u043e\u0440\u043e\u0448\u0430, \u043d\u043e \u043d\u0435 \u0438\u0434\u0435\u0430\u043b\u044c\u043d\u0430.", "pub_date": "2022-04-29T10:38:19.363Z", "title": 18, "score": 8}}, {"model": "reviews.review", "pk": 46, "fields": {"author": ["bingobongo"], "text": "\u0420\u0430\u0437\u043e\u0447\u0430\u0440\u043e\u0432\u0430\u043d\u0438\u043d\u0435, \u0432\u044b\u0442\u0430\u0449\u0438\u043b\u0430 \u0441\u0435\u0431\u044f \u0432 \u043a\u0438\u043d\u043e, \u0430 \u0442\u0443\u0442 \u0442\u0430\u043a\u043e\u0435. \u0420\u0435\u043a\u043b\u0430\u043c\u0430 \u0448\u043b\u0430 \u043c\u043d\u043e\u043e\u043e\u0431\u0435\u0449\u0430\u044e\u0449\u0430\u044f, \u0430 \u0432 \u0440\u0435\u0430\u043b\u044c\u043d\u043e\u0441\u0442\u0438 \u0432\u0441\u0451 \u043d\u0435 \u0442\u043e", "pub_date": "2022-04-29T10:38:19.361Z", "title": 18, "score": 2}}, {"model": "reviews.review", "pk": 47, "fields": {"author": ["capt_obvious"], "text": "\u041d\u0435\u043f\u0440\u0430\u0432\u0434\u043e\u043f\u043e\u0434\u043e\u0431\u043d\u044b\u0439, \u043d\u0435\u043b\u043e\u0433\u0438\u0447\u043d\u044b\u0439, \u0431\u0435\u0441\u0441\u043c\u044b\u0441\u043b\u0435\u043d\u043d\u044b\u0439 \u0444\u0438\u043b\u044c\u043c. \u041f\u0440\u043e\u0441\u0442\u043e \u043d\u0438\u043a\u0430\u043a\u043e\u0439, \u043c\u043e\u0436\u0435\u0442\u0435 \u0434\u0430\u0436\u0435 \u043d\u0435 \u0441\u043c\u043e\u0442\u0440\u0435\u0442\u044c, \u0441\u0443\u0442\u0438 \u043d\u0435 \u0443\u043b\u043e\u0432\u0438\u0442\u0435. \u041c\u043d\u0435 \u043f\u043e\u043d\u0440\u0430\u0432\u0438\u043b\u0441\u044f", "pub_date": "2022-04-29T10:38:19.364Z", "title": 19, "score": 10}}, {"model": "reviews.review", "pk": 48, "fields": {"author": ["faust"], "text": "\u0418\u043d\u0442\u0435\u0440\u0435\u0441\u043d\u043e \u043f\u0440\u043e\u0434\u0443\u043c\u0430\u043d\u043d\u044b\u0439 \u0444\u0438\u043b\u044c\u043c, \u0446\u0435\u043f\u043b\u044f\u0435\u0442 \u043d\u0435\u043e\u0431\u044b\u0447\u043d\u044b\u043c \u0441\u044e\u0436\u0435\u0442\u043e\u043c. \u0434\u043b\u0438\u043d\u043d\u044b\u0439, \u0447\u0442\u043e \u0431\u044b\u0432\u0430\u0435\u0442 \u043d\u0435 \u0432\u043e \u0432\u0441\u0435\u0445 \u0444\u0438\u043b\u044c\u043c\u0430\u0445. \u0410\u043a\u0442\u0451\u0440\u044b \u043a\u0440\u0443\u0442\u044b\u0435. \u0412 \u043e\u0431\u0449\u0435\u043c, \u043f\u043e\u0441\u043c\u043e\u0442\u0440\u0435\u0442\u044c \u043c\u043e\u0436\u043d\u043e.", "pub_date": "2022-04-29T10:38:19.366Z", "title": 19, "score": 8}}, {"model": "reviews.review", "pk": 49, "fields": {"author": ["reviewer"], "text": "\u0412\u043d\u0438\u043c\u0430\u0442\u0435\u043b\u044c\u043d\u043e \u0441\u043b\u0435\u0436\u0443 \u0437\u0430 \u0432\u0441\u0435\u043c\u0438 \u043d\u043e\u0432\u044b\u043c\u0438 \u0438\u0437\u0434\u0430\u043d\u0438\u044f\u043c\u0438, \u043f\u043e\u043a\u0443\u043f\u0430\u044e \u043a\u0430\u0436\u0434\u043e\u0435. \u041b\u0443\u0447\u0448\u0438\u0439 \u0442\u0440\u0438\u043b\u043b\u0435\u0440 \u0442\u044b\u0441\u044f\u0447\u0435\u043b\u0435\u0442\u0438\u044f \u2014 \u044d\u0442\u043e \u00ab\u041a\u043e\u043b\u043e\u0431\u043e\u043a\u00bb", "pub_date": "2022-04-29T10:38:19.368Z", "title": 20, "score": 10}}, {"model": "reviews.review", "pk": 50, "fields": {"author": ["angry"], "text": "\u0410 \u0432\u043e\u0442 \u0443 \u043a\u0438\u043f\u0447\u0430\u043a\u043e\u0432 \u00ab\u043a\u043e\u043b\u043e\u0431\u043e\u043a\u00bb \u2014 \u0448\u0430\u0440\u0438\u043a \u0438\u0437 \u043d\u0430\u0432\u043e\u0437\u0430! \u0418 \u0441\u043a\u0430\u0437\u043a\u0430 \u043f\u0440\u0438\u043e\u0431\u0440\u0435\u0442\u0430\u0435\u0442 \u0441\u043e\u0432\u0441\u0435\u043c \u0434\u0440\u0443\u0433\u043e\u0439 \u0441\u043c\u044b\u0441\u043b! \u00ab\u041d\u0435 \u0445\u0438\u0442\u0440\u0438, \u0430 \u0442\u043e \u043d\u0430\u0432\u043e\u0437\u0430 \u043d\u0430\u043a\u0443\u0448\u0430\u0435\u0448\u044c\u0441\u044f!\u00bb", "pub_date": "2022-04-29T10:38:19.369Z", "title": 20, "score": 10}}, {"model": "reviews.review", "pk": 51, "fields": {"author": ["bingobongo"], "text": "\u041f\u0440\u043e\u0447\u043b\u0430 \u043e\u0442 \u043d\u0430\u0447\u0430\u043b\u0430 \u0434\u043e \u043a\u043e\u043d\u0446\u0430, \u043d\u0435 \u043e\u0442\u0440\u044b\u0432\u0430\u044f\u0441\u044c. \u0423\u0436\u0430\u0441\u043d\u0430\u044f \u043a\u043d\u0438\u0433\u0430, \u0447\u0435\u043c\u0443 \u043e\u043d\u0430 \u043c\u043e\u0436\u0435\u0442 \u043d\u0430\u0443\u0447\u0438\u0442\u044c \u043d\u0430\u0448\u0443 \u043c\u043e\u043b\u043e\u0434\u0451\u0436\u044c.", "pub_date": "2022-04-29T10:38:19.371Z", "title": 21, "score": 1}}, {"model": "reviews.review", "pk": 52, "fields": {"author": ["capt_obvious"], "text": "\u0421\u0443\u0440\u043e\u0432\u044b\u0435 \u0430\u043c\u0435\u0440\u0438\u043a\u0430\u043d\u0441\u043a\u0438\u0435 \u0441\u0435\u043c\u0438\u0434\u0435\u0441\u044f\u0442\u044b\u0435 \u0432 \u0434\u043e\u043a\u0443\u043c\u0435\u043d\u0442\u0430\u043b\u044c\u043d\u043e\u043c \u0438\u0437\u043b\u043e\u0436\u0435\u043d\u0438\u0438. \u041a\u0430\u043a \u0430\u0432\u0442\u043e\u0440 \u0434\u043e\u0436\u0438\u043b \u0434\u043e 2005-\u0433\u043e \u0433\u043e\u0434\u0430 \u2014 \u0437\u0430\u0433\u0430\u0434\u043a\u0430. \u041d\u043e \u0440\u043e\u043c\u0430\u043d \u043f\u0440\u0435\u043a\u0440\u0430\u0441\u043d\u044b\u0439.", "pub_date": "2022-04-29T10:38:19.373Z", "title": 21, "score": 10}}, {"model": "reviews.review", "pk": 53, "fields": {"author": ["faust"], "text": "\u041c\u043d\u043e\u0433\u0430\u0431\u0443\u043a\u0443\u0444. \u041d\u0438\u0430\u0441\u0438\u043b\u0438\u043b. \u0412 \u0430\u043d\u043d\u043e\u0442\u0430\u0446\u0438\u0438 \u043d\u0430\u043f\u0438\u0441\u0430\u043d\u043e \u2014 \u00ab\u0432\u0435\u043b\u0438\u043a\u0438\u0439 \u0440\u043e\u043c\u0430\u043d\u00bb, \u0442\u0430\u043a \u0447\u0442\u043e \u0441\u0442\u0430\u0432\u043b\u044e \u043c\u0430\u043a\u0441\u0438\u043c\u0430\u043b\u044c\u043d\u0443\u044e \u043e\u0446\u0435\u043d\u043a\u0443", "pub_date": "2022-04-29T10:38:19.375Z", "title": 22, "score": 10}}, {"model": "reviews.review", "pk": 54, "fields": {"author": ["reviewer"], "text": "\u0415\u0441\u043b\u0438 \u0442\u0430\u043a\u043e\u0439 \u0436\u0430\u043d\u0440 \u0432\u0430\u043c \u043f\u043e \u0432\u043a\u0443\u0441\u0443, \u0442\u043e \u0434\u0430\u0436\u0435 \u043d\u0435 \u0441\u043e\u043c\u043d\u0435\u0432\u0430\u0439\u0442\u0435\u0441\u044c: \u0441\u0430\u0434\u0438\u0442\u0435\u0441\u044c \u0447\u0438\u0442\u0430\u0442\u044c! \u0420\u043e\u043c\u0430\u043d - \u043e\u0433\u043e\u043d\u044c! \u0418\u043d\u0442\u0435\u0440\u0435\u0441\u043d\u044b\u0439 \u0441\u044e\u0436\u0435\u0442, \u0432\u0435\u043b\u0438\u043a\u043e\u043b\u0435\u043f\u043d\u044b\u0435 \u043f\u0435\u0440\u0441\u043e\u043d\u0430\u0436\u0438, \u043d\u0435\u0431\u043e \u0410\u0443\u0441\u0442\u0435\u0440\u043b\u0438\u0446\u0430 \u0438 \u0432\u0441\u0442\u0440\u0435\u0447\u0430 \u0441 \u0434\u0443\u0431\u043e\u043c", "pub_date": "2022-04-29T10:38:19.376Z", "title": 22, "score": 10}}, {"model": "reviews.review", "pk": 55, "fields": {"author": ["angry"], "text": "\u042f \u0412\u0438\u041c \u0432 \u0448\u043a\u043e\u043b\u0435 \u0447\u0438\u0442\u0430\u043b (\u0437\u0430\u0441\u0442\u0430\u0432\u043b\u044f\u043b\u0438), \u0430 \u043f\u043e\u0442\u043e\u043c \u043e\u043f\u044f\u0442\u044c \u0441\u043b\u0443\u0447\u0430\u0439\u043d\u043e \u043f\u0440\u043e\u0447\u0451\u043b, \u0438 \u043e\u043a\u0430\u0437\u0430\u043b\u043e\u0441\u044c, \u0447\u0442\u043e \u043e\u043d \u0438 \u043f\u0440\u0430\u0432\u043b\u0430 \u0432\u0435\u043b\u0438\u043a\u0438\u0439, \u0430 \u043d\u0435 \u043f\u0440\u043e\u0441\u0442\u043e \u0442\u0430\u043a. \u041d\u0435 \u0441\u0442\u0430\u0432\u043b\u044e \u0434\u0435\u0441\u044f\u0442\u043a\u0443 \u0442\u043e\u043b\u044c\u043a\u043e \u0432 \u043f\u0430\u043c\u044f\u0442\u044c \u043e \u0448\u043a\u043e\u043b\u044c\u043d\u044b\u0445 \u043c\u0443\u0447\u0435\u043d\u0438\u044f\u0445", "pub_date": "2022-04-29T10:38:19.378Z", "title": 22, "score": 8}}, {"model": "reviews.review", "pk": 56, "fields": {"author": ["bingobongo"], "text": "\u041d\u0438\u0447\u0435\u0433\u043e \u043d\u0435 \u043f\u043e\u043d\u044f\u043b", "pub_date": "2022-04-29T10:38:19.380Z", "title": 23, "score": 3}}, {"model": "reviews.review", "pk": 57, "fields": {"author": ["capt_obvious"], "text": "\u041d\u0435 \u043f\u043e\u043d\u044f\u043b \u0432\u043e\u043e\u0431\u0449\u0435 \u043d\u0438\u0447\u0435\u0433\u043e", "pub_date": "2022-04-29T10:38:19.381Z", "title": 23, "score": 1}}, {"model": "reviews.review", "pk": 58, "fields": {"author": ["faust"], "text": "\u0421\u043e\u0432\u0441\u0435\u043c \u043d\u0435\u043f\u043e\u043d\u044f\u0442\u043d\u043e, \u043d\u043e \u0437\u0434\u043e\u0440\u043e\u0432\u043e", "pub_date": "2022-04-29T10:38:19.383Z", "title": 23, "score": 8}}, {"model": "reviews.review", "pk": 59, "fields": {"author": ["reviewer"], "text": "\u0427\u0442\u043e \u044d\u0442\u043e \u0431\u044b\u043b\u043e?! \u0414\u0435\u0441\u044f\u0442\u043a\u0430 \u0437\u0430 \u0443\u0440\u043e\u0432\u0435\u043d\u044c \u043d\u0435\u043f\u043e\u043d\u044f\u0442\u043d\u043e\u0441\u0442\u0438", "pub_date": "2022-04-29T10:38:19.385Z", "title": 23, "score": 10}}, {"model": "reviews.review", "pk": 60, "fields": {"author": ["angry"], "text": "\u0414\u0435\u0442\u0430\u043b\u044c\u043d\u043e \u043a\u043e\u043c\u043c\u0435\u043d\u0442\u0438\u0440\u043e\u0432\u0430\u0442\u044c \u043d\u0435 \u0431\u0443\u0434\u0443, \u043d\u043e \u044d\u0442\u043e \u0448\u0435\u0434\u0435\u0432\u0440", "pub_date": "2022-04-29T10:38:19.387Z", "title": 23, "score": 10}}, {"model": "reviews.review", "pk": 63, "fields": {"author": ["faust"], "text": "\u041d\u0435 \u043c\u043e\u0436\u0435\u0442 \u0431\u044b\u0442\u044c \u0442\u0430\u043a\u043e\u0433\u043e. \u042d\u0442\u043e \u0432\u0441\u0451 \u043f\u0440\u0438\u0434\u0443\u043c\u0430\u043d\u043e, \u0430\u0432\u0442\u043e\u0440 \u043f\u043e\u043f\u044b\u0442\u0430\u043b\u0441\u044f \u043e\u0431\u043c\u0430\u043d\u0443\u0442\u044c \u0447\u0438\u0442\u0430\u0442\u0435\u043b\u044f, \u043d\u043e \u043c\u044b, \u0447\u0438\u0442\u0430\u0442\u0435\u043b\u0438, \u0443\u043c\u043d\u0435\u0435 \u0435\u0433\u043e. \u041d\u0430\u0441 \u0432\u043e\u043a\u0440\u0443\u0433 \u043f\u0430\u043b\u044c\u0446\u0430 \u043d\u0435 \u043e\u0431\u0432\u0435\u0434\u0451\u0448\u044c!!", "pub_date": "2022-04-29T10:38:19.389Z", "title": 24, "score": 2}}, {"model": "reviews.review", "pk": 64, "fields": {"author": ["reviewer"], "text": "\u0412\u0441\u0451 \u0441\u043e\u0432\u0435\u0440\u0448\u0435\u043d\u043d\u043e \u043d\u0435 \u0442\u0430\u043a, \u043a\u0430\u043a \u043d\u0430 \u0441\u0430\u043c\u043e\u043c \u0434\u0435\u043b\u0435, \u0438 \u0432 \u0434\u043e\u043a\u0443\u043c\u0435\u043d\u0442\u0430\u043b\u044c\u043d\u043e\u0439 \u043f\u043e\u0432\u0435\u0441\u0442\u0438 \u044d\u0442\u043e \u0445\u043e\u0440\u043e\u0448\u043e \u043e\u043f\u0438\u0441\u0430\u043d\u043e", "pub_date": "2022-04-29T10:38:19.391Z", "title": 24, "score": 9}}, {"model": "reviews.review", "pk": 65, "fields": {"author": ["angry"], "text": "\u0415\u0441\u043b\u0438 \u0431\u044b \u044f \u0442\u043e\u043b\u044c\u043a\u043e \u043c\u043e\u0433 \u043d\u0430 \u043c\u0438\u043d\u0443\u0442\u043a\u0443 \u043f\u0435\u0440\u0435\u0441\u0442\u0430\u0442\u044c \u0431\u0443\u043c\u043a\u0430\u0442\u044c \u0433\u043e\u043b\u043e\u0432\u043e\u0439 \u043f\u043e \u0441\u0442\u0443\u043f\u0435\u043d\u044c\u043a\u0430\u043c \u0438 \u043a\u0430\u043a \u0441\u043b\u0435\u0434\u0443\u0435\u0442 \u0441\u043e\u0441\u0440\u0435\u0434\u043e\u0442\u043e\u0447\u0438\u0442\u044c\u0441\u044f \u2014 \u044f \u0431\u044b \u043d\u0430\u043f\u0438\u0441\u0430\u043b \u043f\u0440\u0435\u043a\u0440\u0430\u0441\u043d\u044b\u0439 \u043e\u0442\u0437\u044b\u0432. \u041d\u043e \u0443\u0432\u044b \u2014 \u0441\u043e\u0441\u0440\u0435\u0434\u043e\u0442\u043e\u0447\u0438\u0442\u044c\u0441\u044f-\u0442\u043e \u043c\u043d\u0435 \u0438 \u043d\u0435\u043a\u043e\u0433\u0434\u0430: \u0443\u0447\u0451\u0431\u0430, \u0440\u0430\u0431\u043e\u0442\u0430. \u041f\u0440\u043e\u0441\u0442\u043e \u043f\u043e\u0441\u0442\u0430\u0432\u043b\u044e \u043f\u044f\u0442\u0451\u0440\u043a\u0443", "pub_date": "2022-04-29T10:38:19.394Z", "title": 25, "score": 10}}, {"model": "reviews.review", "pk": 66, "fields": {"author": ["bingobongo"], "text": "\u042d\u0442\u043e \u043f\u0440\u043e\u0441\u0442\u043e \u00ab\u0412\u043e\u0439\u043d\u0430 \u0438 \u043c\u0438\u0440\u00bb \u0434\u043b\u044f \u0434\u0435\u0442\u0435\u0439. \u0427\u0438\u0442\u0430\u0442\u044c \u0432\u0441\u0435\u043c", "pub_date": "2022-04-29T10:38:19.393Z", "title": 25, "score": 10}}, {"model": "reviews.review", "pk": 67, "fields": {"author": ["capt_obvious"], "text": "\u0421\u043b\u0443\u0448\u0430\u044e \u0438 \u043f\u043b\u0430\u0447\u0443. \u041f\u043b\u0430\u0447\u0443, \u043d\u043e \u0441\u043b\u0443\u0448\u0430\u044e", "pub_date": "2022-04-29T10:38:19.396Z", "title": 26, "score": 10}}, {"model": "reviews.review", "pk": 68, "fields": {"author": ["faust"], "text": "\u041a\u0430\u043a\u043e\u0439-\u0442\u043e \u043d\u0435\u043f\u043e\u043d\u044f\u0442\u043d\u044b\u0439 \u0448\u0443\u043c. \u041d\u0435\u0443\u0436\u0435\u043b\u0438 \u044d\u0442\u043e \u043a\u0442\u043e-\u0442\u043e \u0441\u043b\u0443\u0448\u0430\u0435\u0442?", "pub_date": "2022-04-29T10:38:19.398Z", "title": 27, "score": 1}}, {"model": "reviews.review", "pk": 69, "fields": {"author": ["reviewer"], "text": "\u041d\u0438\u0447\u0435\u0433\u043e \u043d\u0435 \u043f\u043e\u043d\u044f\u0442\u043d\u043e. \u041e \u0447\u0451\u043c \u044d\u0442\u0430 \u043f\u0435\u0441\u043d\u044f, \u0447\u0435\u043c\u0443 \u043e\u043d\u0430 \u0443\u0447\u0438\u0442?", "pub_date": "2022-04-29T10:38:19.400Z", "title": 27, "score": 2}}, {"model": "reviews.review", "pk": 70, "fields": {"author": ["angry"], "text": "\u0419\u044d\u043d \u0410\u043d\u0434\u0435\u0440\u0441\u043e\u043d \u0432\u0435\u043b\u0438\u043a\u0438\u0439!!!!!!!!1111", "pub_date": "2022-04-29T10:38:19.403Z", "title": 28, "score": 10}}, {"model": "reviews.review", "pk": 71, "fields": {"author": ["bingobongo"], "text": "\u041d\u0435\u0443\u0436\u0435\u043b\u0438 \u043f\u0435\u0441\u043d\u044e \u043f\u0440\u043e \u0430\u043a\u0432\u0430\u043b\u0430\u043d\u0433\u0438\u0441\u0442\u043e\u0432 \u043f\u0435\u0440\u0435\u0432\u0435\u043b\u0438 \u043d\u0430 \u0430\u043d\u0433\u043b\u0438\u0439\u0441\u043a\u0438\u0439?! \u041d\u0443 \u043d\u0430\u043a\u043e\u043d\u0435\u0446-\u0442\u043e! \u0410\u043a\u0432\u0430\u043b\u0430\u043d\u0433\u0438\u0441\u0442\u044b \u2014 \u044d\u0442\u043e \u0445\u043e\u0440\u043e\u0448\u043e!", "pub_date": "2022-04-29T10:38:19.401Z", "title": 28, "score": 10}}, {"model": "reviews.review", "pk": 72, "fields": {"author": ["capt_obvious"], "text": "\u041c\u044b \u043f\u0440\u044b\u0433\u0430\u043b\u0438, \u0432\u0435\u0440\u0442\u0435\u043b\u0438\u0441\u044c \u0438 \u043a\u0440\u0443\u0436\u0438\u043b\u0438\u0441\u044c \u0442\u0430\u043a, \u0447\u0442\u043e \u043f\u043e\u043b \u0445\u043e\u0434\u0438\u043b \u0445\u043e\u0434\u0443\u043d\u043e\u043c!", "pub_date": "2022-04-29T10:38:19.405Z", "title": 29, "score": 10}}, {"model": "reviews.review", "pk": 73, "fields": {"author": ["angry"], "text": "\u042d\u0442\u043e \u0435\u0434\u0438\u043d\u0441\u0442\u0432\u0435\u043d\u043d\u044b\u0439 \u0440\u0438\u0444, \u043a\u043e\u0442\u043e\u0440\u044b\u0439 \u044f \u0443\u043c\u0435\u044e \u0438\u0433\u0440\u0430\u0442\u044c \u043d\u0430 \u0441\u0432\u043e\u0435\u0439 \u0441\u0443\u043f\u0435\u0440\u0434\u043e\u0440\u043e\u0433\u043e\u0439 \u0433\u0438\u0442\u0430\u0440\u0435! \u041c\u043e\u044f \u043b\u044e\u0431\u0438\u043c\u0430\u044f \u043f\u0435\u0441\u043d\u044f", "pub_date": "2022-04-29T10:38:19.406Z", "title": 30, "score": 10}}, {"model": "reviews.review", "pk": 74, "fields": {"author": ["bingobongo"], "text": "\u0421\u0442\u0440\u0430\u043d\u043d\u043e: \u041c\u043e\u0446\u0430\u0440\u0442 - \u0430\u0432\u0441\u0442\u0440\u0438\u0435\u0446, \u0430 \u043c\u0430\u0440\u0448 - \u0442\u0443\u0440\u0435\u0446\u043a\u0438\u0439. \u041d\u0435 \u043f\u043e\u043d\u0438\u043c\u0430\u044e, \u043a\u0430\u043a \u0442\u0430\u043a \u0432\u044b\u0448\u043b\u043e. \u0417\u0432\u0443\u0447\u0438\u0442 \u043a\u0440\u0430\u0441\u0438\u0432\u043e, \u043d\u043e \u0437\u0430 \u0433\u0435\u043e\u0433\u0440\u0430\u0444\u0438\u0447\u0435\u0441\u043a\u0443\u044e \u043f\u0443\u0442\u0430\u043d\u0438\u0446\u0443 \u0441\u0442\u0430\u0432\u043b\u044e \u0432\u043e\u0441\u0435\u043c\u044c", "pub_date": "2022-04-29T10:38:19.408Z", "title": 31, "score": 8}}, {"model": "reviews.review", "pk": 75, "fields": {"author": ["faust"], "text": "\u0411\u0430\u0445 forever. \u042d\u0442\u043e \u0432\u0430\u043c \u043d\u0435 \u0442\u0440\u0438 \u0430\u043a\u043a\u043e\u0440\u0434\u0430 \u043d\u0430 \u0433\u0438\u0442\u0430\u0440\u0435, \u043a\u0430\u043a \u0443 \u0441\u043c\u043e\u043a \u043e\u043d \u0437\u0435 \u0432\u043e\u0442\u0435\u0440", "pub_date": "2022-04-29T10:38:19.410Z", "title": 32, "score": 10}}, {"model": "reviews.comment", "pk": 1, "fields": {"author": ["faust"], "text": "\u041d\u0438\u0447\u0435\u0433\u043e \u043f\u043e\u0434\u043e\u0431\u043d\u043e\u0433\u043e, \u0432 \u0444\u0438\u043b\u044c\u043c\u0435 \u0432\u0441\u0451 \u043d\u0435 \u0442\u0430\u043a, \u0438 \u043f\u0440\u043e\u0433\u0440\u0430\u043c\u043c\u0438\u0440\u043e\u0432\u0430\u043d\u0438\u0435 \u0442\u0443\u0442 \u0432\u043e\u043e\u0431\u0449\u0435 \u043d\u0438 \u043f\u0440\u0438 \u0447\u0451\u043c!", "pub_date": "2022-04-29T10:38:19.412Z", "review": 6}}, {"model": "reviews.comment", "pk": 2, "fields": {"author": ["capt_obvious"], "text": "\u041d\u0443 \u043d\u0430\u0434\u043e \u0436\u0435, \u043d\u0435 \u043d\u0430\u0448\u043b\u043e\u0441\u044c \u043d\u0438\u0447\u0435\u0433\u043e \u043b\u0443\u0447\u0448\u0435\u0433\u043e, \u043a\u0440\u043e\u043c\u0435 \u043a\u0430\u043a \u043f\u0440\u043e\u043a\u043e\u043c\u043c\u0435\u043d\u0442\u0438\u0440\u043e\u0432\u0430\u0442\u044c \u0440\u0430\u0437\u0433\u043e\u0432\u043e\u0440 \u043f\u0440\u043e \u0433\u0430\u043c\u0431\u0443\u0440\u0433\u0435\u0440\u044b, \u0431\u0443\u0434\u0442\u043e \u0432 \u0444\u0438\u043b\u044c\u043c\u0435 \u043d\u0438\u0447\u0435\u0433\u043e \u0432\u0430\u0436\u043d\u0435\u0435 \u044d\u0442\u043e\u0433\u043e \u043d\u0435\u0442", "pub_date": "2022-04-29T10:38:19.414Z", "review": 6}}, {"model": "reviews.comment", "pk": 3, "fields": {"author": ["reviewer"], "text": "\u041a\u0441\u0442\u0430\u0442\u0438, \u0430 \u0447\u0442\u043e \u0442\u0430\u043a\u043e\u0435 \"\u0447\u0435\u0442\u0432\u0435\u0440\u0442\u044c \u0444\u0443\u043d\u0442\u0430\"? \u0412 \u0433\u0440\u0430\u043c\u043c\u0430\u0445 \u044d\u0442\u043e \u0441\u043a\u043e\u043b\u044c\u043a\u043e?", "pub_date": "2022-04-29T10:38:19.416Z", "review": 6}}, {"model": "reviews.category", "pk": 1, "fields": {"name": "\u0424\u0438\u043b\u044c\u043c", "slug": "movie"}}, {"model": "reviews.category", "pk": 2, "fields": {"name": "\u041a\u043d\u0438\u0433\u0430", "slug": "book"}}, {"model": "reviews.category", "pk": 3, "fields": {"name": "\u041c\u0443\u0437\u044b\u043a\u0430", "slug": "music"}}, {"model": "reviews.genre", "pk": 1, "fields": {"name": "\u0414\u0440\u0430\u043c\u0430", "slug": "drama"}}, {"model": "reviews.genre", "pk": 2, "fields": {"name": "\u041a\u043e\u043c\u0435\u0434\u0438\u044f", "slug": "comedy"}}, {"model": "reviews.genre", "pk": 3, "fields": {"name": "\u0412\u0435\u0441\u0442\u0435\u0440\u043d", "slug": "western"}}, {"model": "reviews.genre", "pk": 4, "fields": {"name": "\u0424\u044d\u043d\u0442\u0435\u0437\u0438", "slug": "fantasy"}}, {"model": "reviews.genre", "pk": 5, "fields": {"name": "\u0424\u0430\u043d\u0442\u0430\u0441\u0442\u0438\u043a\u0430", "slug": "sci-fi"}}, {"model": "reviews.genre", "pk": 6, "fields": {"name": "\u0414\u0435\u0442\u0435\u043a\u0442\u0438\u0432", "slug": "detective"}}, {"model": "reviews.genre", "pk": 7, "fields": {"name": "\u0422\u0440\u0438\u043b\u043b\u0435\u0440", "slug": "thriller"}}, {"model": "reviews.genre", "pk": 8, "fields": {"name": "\u0421\u043a\u0430\u0437\u043a\u0430", "slug": "tale"}}, {"model": "reviews.genre", "pk": 9, "fields": {"name": "\u0413\u043e\u043d\u0437\u043e", "slug": "gonzo"}}, {"model": "reviews.genre", "pk": 10, "fields": {"name": "\u0420\u043e\u043c\u0430\u043d", "slug": "roman"}}, {"model": "reviews.genre", "pk": 11, "fields": {"name": "\u0411\u0430\u043b\u043b\u0430\u0434\u0430", "slug": "ballad"}}, {"model": "reviews.genre", "pk": 12, "fields": {"name": "Rock-n-roll", "slug": "rock-n-roll"}}, {"model": "reviews.genre", "pk": 13, "fields": {"name": "\u041a\u043b\u0430\u0441\u0441\u0438\u043a\u0430", "slug": "classical"}}, {"model": "reviews.genre", "pk": 14, "fields": {"name": "\u0420\u043e\u043a", "slug": "rock"}}, {"model": "reviews.genre", "pk": 15, "fields": {"name": "\u0428\u0430\u043d\u0441\u043e\u043d", "slug": "chanson"}}, {"model": "reviews.title", "pk": 1, "fields": {"name": "\u041f\u043e\u0431\u0435\u0433 \u0438\u0437 \u0428\u043e\u0443\u0448\u0435\u043d\u043a\u0430", "year": 1994, "description": null, "category": 1, "genre": [1]}}, {"model": "reviews.title", "pk": 2, "fields": {"name": "\u041a\u0440\u0435\u0441\u0442\u043d\u044b\u0439 \u043e\u0442\u0435\u0446", "year": 1972, "description": null, "category": 1, "genre": [1]}}, {"model": "reviews.title", "pk": 3, "fields": {"name": "12 \u0440\u0430\u0437\u0433\u043d\u0435\u0432\u0430\u043d\u043d\u044b\u0445 \u043c\u0443\u0436\u0447\u0438\u043d", "year": 1957, "description": null, "category": 1, "genre": [1]}}, {"model": "reviews.title", "pk": 4, "fields": {"name": "\u0421\u043f\u0438\u0441\u043e\u043a \u0428\u0438\u043d\u0434\u043b\u0435\u0440\u0430", "year": 1993, "description": null, "category": 1, "genre": [1]}}, {"model": "reviews.title", "pk": 5, "fields": {"name": "\u041a\u0440\u0438\u043c\u0438\u043d\u0430\u043b\u044c\u043d\u043e\u0435 \u0447\u0442\u0438\u0432\u043e", "year": 1994, "description": null, "category": 1, "genre": [6, 2, 7]}}, {"model": "reviews.title", "pk": 6, "fields": {"name": "\u0425\u043e\u0440\u043e\u0448\u0438\u0439, \u043f\u043b\u043e\u0445\u043e\u0439, \u0437\u043b\u043e\u0439", "year": 1966, "description": null, "category": 1, "genre": [3]}}, {"model": "reviews.title", "pk": 7, "fields": {"name": "\u0412\u043b\u0430\u0441\u0442\u0435\u043b\u0438\u043d \u043a\u043e\u043b\u0435\u0446: \u0411\u0440\u0430\u0442\u0441\u0442\u0432\u043e \u043a\u043e\u043b\u044c\u0446\u0430", "year": 2001, "description": null, "category": 1, "genre": [4]}}, {"model": "reviews.title", "pk": 8, "fields": {"name": "\u0411\u043e\u0439\u0446\u043e\u0432\u0441\u043a\u0438\u0439 \u043a\u043b\u0443\u0431", "year": 1999, "description": null, "category": 1, "genre": [7]}}, {"model": "reviews.title", "pk": 9, "fields": {"name": "\u0424\u043e\u0440\u0440\u0435\u0441\u0442 \u0413\u0430\u043c\u043f", "year": 1994, "description": null, "category": 1, "genre": [1, 2]}}, {"model": "reviews.title", "pk": 10, "fields": {"name": "\u0417\u0432\u0451\u0437\u0434\u043d\u044b\u0435 \u0432\u043e\u0439\u043d\u044b. \u042d\u043f\u0438\u0437\u043e\u0434 5: \u0418\u043c\u043f\u0435\u0440\u0438\u044f \u043d\u0430\u043d\u043e\u0441\u0438\u0442 \u043e\u0442\u0432\u0435\u0442\u043d\u044b\u0439 \u0443\u0434\u0430\u0440", "year": 1980, "description": null, "category": 1, "genre": [4]}}, {"model": "reviews.title", "pk": 11, "fields": {"name": "\u0412\u043b\u0430\u0441\u0442\u0435\u043b\u0438\u043d \u043a\u043e\u043b\u0435\u0446: \u0414\u0432\u0435 \u043a\u0440\u0435\u043f\u043e\u0441\u0442\u0438", "year": 2002, "description": null, "category": 1, "genre": [4]}}, {"model": "reviews.title", "pk": 12, "fields": {"name": "\u041c\u0430\u0442\u0440\u0438\u0446\u0430", "year": 1999, "description": null, "category": 1, "genre": [6, 1, 8, 5]}}, {"model": "reviews.title", "pk": 13, "fields": {"name": "\u041f\u0440\u043e\u043b\u0435\u0442\u0430\u044f \u043d\u0430\u0434 \u0433\u043d\u0435\u0437\u0434\u043e\u043c \u043a\u0443\u043a\u0443\u0448\u043a\u0438", "year": 1975, "description": null, "category": 1, "genre": [1]}}, {"model": "reviews.title", "pk": 14, "fields": {"name": "\u041d\u0430\u0437\u0430\u0434 \u0432 \u0431\u0443\u0434\u0443\u0449\u0435\u0435", "year": 1985, "description": null, "category": 1, "genre": [5]}}, {"model": "reviews.title", "pk": 15, "fields": {"name": "\u041e\u043f\u0435\u0440\u0430\u0446\u0438\u044f \u00ab\u042b\u00bb \u0438 \u0434\u0440\u0443\u0433\u0438\u0435 \u043f\u0440\u0438\u043a\u043b\u044e\u0447\u0435\u043d\u0438\u044f \u0428\u0443\u0440\u0438\u043a\u0430", "year": 1965, "description": null, "category": 1, "genre": [6, 2, 8]}}, {"model": "reviews.title", "pk": 16, "fields": {"name": "\u041a\u0430\u0440\u0442\u044b, \u0434\u0435\u043d\u044c\u0433\u0438, \u0434\u0432\u0430 \u0441\u0442\u0432\u043e\u043b\u0430", "year": 1998, "description": null, "category": 1, "genre": [2]}}, {"model": "reviews.title", "pk": 17, "fields": {"name": "\u0414\u0436\u0435\u043d\u0442\u043b\u044c\u043c\u0435\u043d\u044b \u0443\u0434\u0430\u0447\u0438 ", "year": 1971, "description": null, "category": 1, "genre": [2]}}, {"model": "reviews.title", "pk": 18, "fields": {"name": "\u0414\u0436\u0430\u043d\u0433\u043e \u043e\u0441\u0432\u043e\u0431\u043e\u0436\u0434\u0435\u043d\u043d\u044b\u0439", "year": 2012, "description": null, "category": 1, "genre": [1]}}, {"model": "reviews.title", "pk": 19, "fields": {"name": "Generation \u041f", "year": 2011, "description": null, "category": 1, "genre": [1]}}, {"model": "reviews.title", "pk": 20, "fields": {"name": "\u041a\u043e\u043b\u043e\u0431\u043e\u043a", "year": 1873, "description": null, "category": 2, "genre": [8, 7]}}, {"model": "reviews.title", "pk": 21, "fields": {"name": "\u0421\u0442\u0440\u0430\u0445 \u0438 \u043d\u0435\u043d\u0430\u0432\u0438\u0441\u0442\u044c \u0432 \u041b\u0430\u0441-\u0412\u0435\u0433\u0430\u0441\u0435", "year": 1971, "description": null, "category": 2, "genre": [9]}}, {"model": "reviews.title", "pk": 22, "fields": {"name": "\u0412\u043e\u0439\u043d\u0430 \u0438 \u043c\u0438\u0440", "year": 1865, "description": null, "category": 2, "genre": [10]}}, {"model": "reviews.title", "pk": 23, "fields": {"name": "\u0423\u043b\u0438\u0441\u0441", "year": 1918, "description": null, "category": 2, "genre": [10]}}, {"model": "reviews.title", "pk": 24, "fields": {"name": "Generation \u041f", "year": 1999, "description": null, "category": 2, "genre": [10]}}, {"model": "reviews.title", "pk": 25, "fields": {"name": "\u0412\u0438\u043d\u043d\u0438 \u041f\u0443\u0445 \u0438 \u0432\u0441\u0435-\u0432\u0441\u0435-\u0432\u0441\u0435", "year": 1926, "description": null, "category": 2, "genre": [8]}}, {"model": "reviews.title", "pk": 26, "fields": {"name": "\u0421\u0442\u0430\u0441 \u041c\u0438\u0445\u0430\u0439\u043b\u043e\u0432 - \u041f\u043e\u0437\u044b\u0432\u043d\u044b\u0435 \u043d\u0430 \u043b\u044e\u0431\u043e\u0432\u044c", "year": 2004, "description": null, "category": 3, "genre": [15]}}, {"model": "reviews.title", "pk": 27, "fields": {"name": "Led Zeppelin \u2014 Stairway to Heaven", "year": 1971, "description": null, "category": 3, "genre": [11, 14]}}, {"model": "reviews.title", "pk": 28, "fields": {"name": "Jethro Tull - Aqualung", "year": 1971, "description": null, "category": 3, "genre": [11]}}, {"model": "reviews.title", "pk": 29, "fields": {"name": "Elvis Presley - Blue Suede Shoes", "year": 1955, "description": null, "category": 3, "genre": [12]}}, {"model": "reviews.title", "pk": 30, "fields": {"name": "Deep Purple \u2014 Smoke on the Water", "year": 1971, "description": null, "category": 3, "genre": [14]}}, {"model": "reviews.title", "pk": 31, "fields": {"name": "\u041c\u043e\u0446\u0430\u0440\u0442 - \u0422\u0443\u0440\u0435\u0446\u043a\u0438\u0439 \u043c\u0430\u0440\u0448", "year": 1784, "description": null, "category": 3, "genre": [13]}}, {"model": "reviews.title", "pk": 32, "fields": {"name": "\u0411\u0430\u0445. \u041e\u0440\u043a\u0435\u0441\u0442\u0440\u043e\u0432\u0430\u044f \u0421\u044e\u0438\u0442\u0430 \u21162 \u0441\u0438 \u043c\u0438\u043d\u043e\u0440", "year": 1739, "description": null, "category": 3, "genre": [13]}}]